,Media Source,Date,Text,Compound,Positive,Neutral,Negative,Tweet Count
0,@BBC,Tue Mar 20 09:32:02 +0000 2018,"Meet Bumblebee and Gnat, two adorable badger cubs being raised at an animal sanctuary. ?
https://t.co/Ihami0VtL0",0.4939,0.186,0.814,0.0,1
1,@BBC,Tue Mar 20 09:03:04 +0000 2018,Spring is here! But what is the #SpringEquinox? ????https://t.co/RiWP3PC7Yo https://t.co/FIKocYFP6C,0.0,0.0,1.0,0.0,2
2,@BBC,Tue Mar 20 08:25:06 +0000 2018,Five times Beyonce and Jay-Z’s daughter Blue Ivy outshone her parents. ?? https://t.co/JaNAzsofOm https://t.co/DnoyApY0yL,0.0,0.0,1.0,0.0,3
3,@BBC,Tue Mar 20 08:03:03 +0000 2018,Traditional Highland Games sports such as tossing the caber and tug-of-war are to be taught in PE lessons. ?… https://t.co/jv5wlpmlyT,0.0,0.0,1.0,0.0,4
4,@BBC,Mon Mar 19 19:33:04 +0000 2018,"Follow the dramatic and deadly series of events that took place at two funerals in Belfast in March 1988. 

The Fun… https://t.co/y3MZaR8hsi",-0.3818,0.0,0.89,0.11,5
5,@BBC,Mon Mar 19 18:33:05 +0000 2018,"Leonardo DiCaprio stars in the true story of a con man who cashed fake cheques worth millions. 

Catch Me If You Ca… https://t.co/HWShPj9ngi",0.1531,0.175,0.709,0.116,6
6,@BBC,Mon Mar 19 18:03:01 +0000 2018,"?? @AlanCarr learned the hard way that you only get one shot at a school photo. #LiveAtTheApollo 

https://t.co/fv5JmcRgz4",-0.1027,0.0,0.92,0.08,7
7,@BBC,Mon Mar 19 17:30:08 +0000 2018,?Pop band @FifthHarmony have announced they're taking a break to pursue solo careers ?https://t.co/tLOR7h1gZy https://t.co/5c77Cfjfp6,0.0,0.0,1.0,0.0,8
8,@BBC,Mon Mar 19 17:00:05 +0000 2018,"Murder. Innocence. Lies. 

@AgathaChristie classic, #OrdealByInnocence, comes to @BBCOne soon.
https://t.co/qfJThHowXC",-0.7096,0.144,0.442,0.414,9
9,@BBC,Mon Mar 19 16:33:29 +0000 2018,Here are the latest snow scenes from around the UK. ??? https://t.co/eTBGkQ4MPU https://t.co/txRHxkOn5C,0.0,0.0,1.0,0.0,10
10,@BBC,Mon Mar 19 15:02:02 +0000 2018,'Flabbergasted'. ?This is the incredible moment when eight London teenagers heard a live opera singer for the first… https://t.co/jNki4Z61SE,0.0,0.0,1.0,0.0,11
11,@BBC,Mon Mar 19 14:30:08 +0000 2018,"Meet the dancing slum kids tipped for stardom by Rihanna ?
https://t.co/R61fzQGIzd https://t.co/wGcvBKmdaZ",0.0,0.0,1.0,0.0,12
12,@BBC,Mon Mar 19 13:44:55 +0000 2018,"RT @bbcgetinspired: The Nation's Billion Steps Challenge is here! ? 

Yesterday we did an amazing 431 million steps – can we do even better…",0.6588,0.212,0.788,0.0,13
13,@BBC,Mon Mar 19 13:03:04 +0000 2018,"? ""There's always that voice in the back of your head that says you're not good enough"". 

 ? @CarrieHFletcher on b… https://t.co/0AsBxFFiQA",-0.3412,0.0,0.888,0.112,14
14,@BBC,Mon Mar 19 12:55:17 +0000 2018,RT @BBCRadioScot: This must have been some buzz! ??? https://t.co/0gqtbQBN1i,0.0,0.0,1.0,0.0,15
15,@BBC,Mon Mar 19 12:30:05 +0000 2018,Where are the UK's youngest and oldest city populations? https://t.co/eIU7UzqHBS https://t.co/vdXMTDluuX,0.0,0.0,1.0,0.0,16
16,@BBC,Mon Mar 19 11:50:58 +0000 2018,RT @BBCSport: This 102-shot badminton rally will leave you exhausted... https://t.co/LFC4r4iwiz,-0.0516,0.0,0.893,0.107,17
17,@BBC,Mon Mar 19 11:33:04 +0000 2018,"Have you got a passion for plants? ?????

Test your knowledge of all things foliage in this quiz. ?… https://t.co/evogV5ljAc",0.4588,0.143,0.857,0.0,18
18,@BBC,Mon Mar 19 10:53:19 +0000 2018,"RT @BBCSport: ? The Commonwealth Games are almost upon us! ?

Scotland's Lynsey Sharp has given us the inside track on preparing for succes…",0.0,0.0,1.0,0.0,19
19,@BBC,Mon Mar 19 10:33:03 +0000 2018,The oldest dog that the Dogs Trust has ever looked after has been given a new home. ????https://t.co/h0WQHkfMEf https://t.co/ixb7gesOIj,0.5106,0.163,0.837,0.0,20
20,@BBC,Mon Mar 19 09:58:24 +0000 2018,"RT @BBCR1: Desperately searching for any signs of spring like... ?

#MondayMotivation https://t.co/9jo3h4C7bu",-0.3818,0.0,0.809,0.191,21
21,@BBC,Mon Mar 19 09:58:15 +0000 2018,"RT @BBCRadioWales: ?? Snowy Cardiff! ?? 

What’s it like for you?

#ButePark 
#Cardiff 
#MiniBeast
#Snow https://t.co/O8gY1qjHVE",0.4199,0.157,0.843,0.0,22
22,@BBC,Mon Mar 19 09:58:10 +0000 2018,"RT @BBCNews: Stem cell transplant ""game changer"" for MS patients https://t.co/BGWtdtXUAP",0.0,0.0,1.0,0.0,23
23,@BBC,Mon Mar 19 09:57:58 +0000 2018,RT @BBCBreakfast: Anyone want to play a game of spot Tracey's feet? Our floor manager Tracey had to dive behind the sofa to avoid being on…,0.128,0.133,0.789,0.079,24
24,@BBC,Mon Mar 19 09:32:02 +0000 2018,"'Who wants a normal life?' We should all be a little more like @chessmartinez. ?? #LiveAtTheApollo

https://t.co/VddL8zWJfS",0.3642,0.152,0.848,0.0,25
25,@BBC,Mon Mar 19 09:27:50 +0000 2018,"RT @BBCWthrWatchers: Some incredible photos sent in last night of the #Auroraborealis from Skye Woody, Cumbrian stargazer and DJStewie.  Di…",0.0,0.0,1.0,0.0,26
26,@BBC,Mon Mar 19 08:45:02 +0000 2018,Beautiful spring blossom in south-west China has been captured by drone https://t.co/WTo7JjiKXw,0.5994,0.262,0.738,0.0,27
27,@BBC,Mon Mar 19 08:02:00 +0000 2018,"? Should we still be worried about the hole in the ozone layer?

? @SimonOKing and @clarenasir investigate in their… https://t.co/SZV3Df9y0t",-0.296,0.0,0.891,0.109,28
28,@BBC,Sun Mar 18 20:30:11 +0000 2018,"?? @LesDennis, @SimplySusannah, @Tameka_Empson and Miles Jupp embark on a muscle-grinding mission to regain their f… https://t.co/B1rXaalmk2",0.0,0.0,1.0,0.0,29
29,@BBC,Sun Mar 18 20:03:04 +0000 2018,?? Fans of K-Pop boyband member @IBGDRGN have been asked to stop sending fan mail to the army base where he's doing… https://t.co/ojtDZ3gMfb,0.0258,0.09,0.824,0.086,30
30,@BBC,Sun Mar 18 19:33:04 +0000 2018,"Saoirse Ronan stars as Eilis, a young girl who jumps at the chance of a better life when she emigrates to New York.… https://t.co/NtHAfh6cjZ",0.5994,0.197,0.803,0.0,31
31,@BBC,Sun Mar 18 18:44:02 +0000 2018,"Ruth Ellis was only 28 when she became the last woman hanged to death in the UK. 

#TheRuthEllisFiles | Watch on… https://t.co/5kUIFtom7t",-0.5994,0.0,0.837,0.163,32
32,@BBC,Sun Mar 18 18:34:14 +0000 2018,"RT @BBC_TopGear: 840bhp goes a little like this…

@Matt_LeBlanc takes the Dodge Challenger SRT #Demon to the drag strip in this Sunday’s @T…",0.204,0.151,0.772,0.077,33
33,@BBC,Sun Mar 18 17:18:12 +0000 2018,"RT @bbcthree: Be honest, do you think you'll be this fit at 81? https://t.co/Eca0uGCF6b",0.7331,0.34,0.66,0.0,34
34,@BBC,Sun Mar 18 17:04:03 +0000 2018,"?? How much food do you throw away? If you're a typical Brit, you probably think it's hardly any.

You're in denial… https://t.co/0bSCbRrZJr",0.0,0.0,1.0,0.0,35
35,@BBC,Sun Mar 18 16:33:17 +0000 2018,"????Zun Lee wants his photography to give a balanced and nuanced portrayal of black fatherhood.

?… https://t.co/LodRrr27fd",0.0,0.0,1.0,0.0,36
36,@BBC,Sun Mar 18 15:41:04 +0000 2018,"? A doctor explains why you can get pregnant and give birth without having a baby bump. 
? https://t.co/nVrSpQoTOT https://t.co/iEEOjZdBKL",0.0,0.0,1.0,0.0,37
37,@BBC,Sun Mar 18 14:33:07 +0000 2018,RT @BBCEngland: A number of runners have held their own half-marathon in Reading after the official event was called off due to the snowy w…,0.0772,0.053,0.947,0.0,38
38,@BBC,Sun Mar 18 14:28:23 +0000 2018,RT @BBCSport: They’ve done it! Gold for GB’s Menna Fitzpatrick and Jen Kehoe in the visually impaired slalom at the Winter Paralympics. And…,0.0,0.0,1.0,0.0,39
39,@BBC,Sun Mar 18 14:18:01 +0000 2018,?? Why a rise in electric cars could also mean a hike in the cost of your next phone. https://t.co/6i5xFQgRIW,0.0,0.0,1.0,0.0,40
40,@BBC,Sun Mar 18 14:08:37 +0000 2018,RT @BBC6Music: ?? Which song has the greatest opening line?,0.6369,0.318,0.682,0.0,41
41,@BBC,Sun Mar 18 13:45:03 +0000 2018,?Pop music is awash with those that released one hit album and never followed it up. Here are 7 huge artists that o… https://t.co/4ukT9drcdG,0.3182,0.095,0.905,0.0,42
42,@BBC,Sun Mar 18 13:00:08 +0000 2018,"?? Would you eat a burger pie?  
#BackInTimeForTea https://t.co/zGWzJwdSlM",0.0,0.0,1.0,0.0,43
43,@BBC,Sun Mar 18 12:29:50 +0000 2018,RT @BBCOne: If food is the language of love... https://t.co/5hnYovE94o,0.0,0.0,1.0,0.0,44
44,@BBC,Sun Mar 18 11:43:04 +0000 2018,"Ever wondered why David Bowie wore an eye patch?

Strange things artists have worn on stage and the reasons why. 
?… https://t.co/8zSBXQkLvy",-0.4588,0.0,0.833,0.167,45
45,@BBC,Sun Mar 18 10:30:04 +0000 2018,"?? Want to learn how to bake bread?

These easy to follow recipes and step-by-step videos will have you baking ever… https://t.co/iXEmj5WJdD",0.4939,0.174,0.826,0.0,46
46,@BBC,Sun Mar 18 10:00:08 +0000 2018,"“I regret spending £50,000 on my wedding.” https://t.co/6PxJsDf9dn https://t.co/eJdx7KMmmK",-0.4215,0.0,0.741,0.259,47
47,@BBC,Sun Mar 18 09:30:03 +0000 2018,"How to be 20 on the inside, even when you’re 80 on the outside... https://t.co/KB2mqpkrIB",0.0,0.0,1.0,0.0,48
48,@BBC,Sun Mar 18 09:19:33 +0000 2018,"RT @BBCNews: Snow and ice are bringing disruption to many parts of the UK - but they're not stopping everyone from having fun ???

https://…",0.656,0.212,0.727,0.061,49
49,@BBC,Sun Mar 18 09:10:02 +0000 2018,"RT @bbc5live: The beast from the east is back ????

You've been in touch this morning with your #uksnow pics, here are just a few...

What'…",0.0,0.0,1.0,0.0,50
50,@BBC,Sat Mar 17 20:02:01 +0000 2018,"These seven celebrities are about to go on the journey of a lifetime... #Pilgrimage
https://t.co/m45UBXJew2",0.0,0.0,1.0,0.0,51
51,@BBC,Sat Mar 17 19:21:02 +0000 2018,Can we just take a moment to discuss Eddie Redmanyne's coats?https://t.co/odVkhWyRKs,0.0,0.0,1.0,0.0,52
52,@BBC,Sat Mar 17 18:32:01 +0000 2018,"Ouch! ??@GordonRamsay's daughter is hilarious... 
https://t.co/0dqwntX5uj",0.0,0.0,1.0,0.0,53
53,@BBC,Sat Mar 17 18:03:04 +0000 2018,"?1?2?3?Sir David Attenborough explores whether there is counting in the natural world. 

David Attenborough's Natur… https://t.co/Q4H4uXR4pt",0.3612,0.143,0.857,0.0,54
54,@BBC,Sat Mar 17 17:30:07 +0000 2018,One of the writers for The Simpsons has told @BBCNewsbeat Stephen Hawking was such a big fan of the show - he'd sho… https://t.co/Jjer3V4cYk,0.3182,0.099,0.901,0.0,55
55,@BBC,Sat Mar 17 17:00:08 +0000 2018,"?? 'The moment I gave Reese Witherspoon my Legally Blonde dissertation... and yes, it was scented.'
?… https://t.co/z8x5mqqKoW",0.4767,0.215,0.785,0.0,56
56,@BBC,Sat Mar 17 16:39:39 +0000 2018,RT @BBCWorld: Blossom in south-west China captured by drone https://t.co/gIDKUn1La6,0.0,0.0,1.0,0.0,57
57,@BBC,Sat Mar 17 15:03:12 +0000 2018,"This year, over 250 landmarks across the globe are going green for #StPatricksDay! ? https://t.co/TlWqU0TXQT https://t.co/i4sW4OaGrQ",0.0,0.0,1.0,0.0,58
58,@BBC,Sat Mar 17 14:43:43 +0000 2018,"RT @BBCRadio3: ""Even if we found a complete theory of the universe, it wouldn't remove the need for music"" - #StephenHawking
https://t.co/t…",0.0,0.0,1.0,0.0,59
59,@BBC,Sat Mar 17 14:00:30 +0000 2018,??? George has autism and other health conditions - but his love of skiing is helping him take on the outside world. https://t.co/kfCzRzkcNY,0.8625,0.301,0.699,0.0,60
60,@BBC,Sat Mar 17 13:46:15 +0000 2018,"RT @5liveSport: 'My mates didn't know I was playing @realmadrid'

@ManUtd's @carras16 tells @ColinMurray his friends keep him grounded…

'A…",0.3628,0.143,0.784,0.073,61
61,@BBC,Sat Mar 17 13:00:08 +0000 2018,"Yes, Gary Oldman and @BBCEastEnders' Big Mo are brother and sister. 

But do you know these other celeb family ties… https://t.co/dtzMwD3nBB",0.4019,0.119,0.881,0.0,62
62,@BBC,Sat Mar 17 12:39:41 +0000 2018,"RT @BBCOne: .@NiallOfficial won't let fame get to his head - Ireland won't allow it. 

Happy #StPatricksDay ? https://t.co/OrWR94HStF",-0.7244,0.0,0.664,0.336,63
63,@BBC,Sat Mar 17 12:00:09 +0000 2018,??? This shop encourages you to bring your own container from home to save on single-use plastic waste. https://t.co/TdHJSycKtO,0.5106,0.245,0.643,0.112,64
64,@BBC,Sat Mar 17 11:30:09 +0000 2018,?? ? Celebrate #StPatricksDay in true Irish style with these delicious recipes! ?https://t.co/2MCMlz6K0B https://t.co/k18P3Syx2N,0.8883,0.512,0.488,0.0,65
65,@BBC,Sat Mar 17 11:03:05 +0000 2018,From scrambled eggs to chilli-spiced crisps: here are six great ways to cook with kale. ??https://t.co/lqKD1h83Iv https://t.co/yWESBJm62q,0.6249,0.204,0.796,0.0,66
66,@BBC,Sat Mar 17 10:14:25 +0000 2018,RT @BBCTwo: Happy #StPatricksDay! Check out what's lurking beneath the calm waters of Ireland's west coast... ??? https://t.co/6MQgyLTlIr,0.6996,0.276,0.658,0.066,67
67,@BBC,Sat Mar 17 10:00:02 +0000 2018,"?? Did you know that bullfinches can learn to sing a tune by mimicking humans?

? Sound on for this one!  https://t.co/44OFulioZp",0.0,0.0,1.0,0.0,68
68,@BBC,Sat Mar 17 09:39:19 +0000 2018,"RT @BBCEngland: Stephen Hawking's PhD thesis has been viewed 250,000 times online since news of his death broke on Wednesday, the Universit…",-0.7717,0.0,0.749,0.251,69
69,@BBC,Sat Mar 17 09:00:06 +0000 2018,"Ready to get active?
? Here are 5 ways you can get involved in #SportRelief2018. 
? https://t.co/wmKUWBDBjp https://t.co/xr7g5Hw4PK",0.6369,0.286,0.714,0.0,70
70,@BBC,Fri Mar 16 19:38:34 +0000 2018,"RT @BBCR1: This guy just raised over a million pounds for @sportrelief ??

Congratulations on completing a truly mammoth task @gregjames, w…",0.7783,0.274,0.726,0.0,71
71,@BBC,Fri Mar 16 18:31:01 +0000 2018,???? Keepy-uppy the good work! https://t.co/lFtKEBxjNJ,0.4926,0.39,0.61,0.0,72
72,@BBC,Fri Mar 16 17:00:25 +0000 2018,??? Bradley has never let Asperger's hold him back from doing what he loves. https://t.co/5JFvIXeDSZ,0.5719,0.209,0.791,0.0,73
73,@BBC,Fri Mar 16 16:30:01 +0000 2018,"Running for the door on a Friday afternoon like...
#FridayFeeling https://t.co/optoQcK1TV",0.0,0.0,1.0,0.0,74
74,@BBC,Fri Mar 16 16:00:00 +0000 2018,??Jarvis Cocker describes the dream-like experience of visiting La Monte Young's Dreamhouse.… https://t.co/O9u7sPRL5m,0.0,0.0,1.0,0.0,75
75,@BBC,Fri Mar 16 14:25:15 +0000 2018,"RT @BBCR1: The gruelling task of climbing Ben Nevis in underway for @gregjames after cycling 180 miles in a day and a half!

Don't know abo…",0.0,0.0,1.0,0.0,76
76,@BBC,Fri Mar 16 14:00:13 +0000 2018,Prepare to get that warm fuzzy feeling - the man who photobombed his wife 11 years before he met her:… https://t.co/iZBJ8dEKhz,0.34,0.159,0.841,0.0,77
77,@BBC,Fri Mar 16 12:59:01 +0000 2018,?? Why are soap bubbles such gorgeous colours? https://t.co/ppaXTcvWRZ,0.6124,0.333,0.667,0.0,78
78,@BBC,Fri Mar 16 12:38:40 +0000 2018,"RT @BBCNewsPR: Get ready to make the headlines. 

Try out our new BBC iReporter game, putting you in the heart of the newsroom #BBCSchoolRe…",0.3612,0.098,0.902,0.0,79
79,@BBC,Fri Mar 16 12:00:04 +0000 2018,"? Fights, funerals, and giant furry heads... @BBCThree lifts the lid on the lives of English football's mascots
?… https://t.co/gEYxoetlah",-0.6486,0.0,0.762,0.238,80
80,@BBC,Fri Mar 16 10:45:24 +0000 2018,"RT @BBCRadio2: It's with a heavy heart that today we announce, after 18 fantastic years, @realLynnBowles is leaving Radio 2. ?

@realkenbru…",0.5574,0.159,0.841,0.0,81
81,@BBC,Fri Mar 16 10:02:00 +0000 2018,Are you getting enough sleep? This simple test will tell you... ??#WorldSleepDay https://t.co/SP28dsdLSf,0.0,0.0,1.0,0.0,82
82,@BBC,Fri Mar 16 09:35:56 +0000 2018,"RT @bbcthree: the dancing in taylor swift's new video seems pretty familiar 

CC @ChrisLilley https://t.co/MfA9usnqSb",0.4939,0.186,0.814,0.0,83
83,@BBC,Fri Mar 16 09:35:50 +0000 2018,"RT @BBCEngland: Oscar-winning British short film The Silent Child is to be shown on BBC One on Good Friday, giving UK viewers the first cha…",0.6486,0.187,0.813,0.0,84
84,@BBC,Fri Mar 16 09:35:47 +0000 2018,RT @BBCScotlandNews: Meet Chloe - the five-year-old girl changing perceptions of Down's syndrome https://t.co/UNylRgDoY0 https://t.co/4ZjpI…,0.0,0.0,1.0,0.0,85
85,@BBC,Fri Mar 16 09:35:43 +0000 2018,"RT @BBCWales: ? Daffodils dance in the spring sunshine above Tenby harbour

? #Photooftheday » https://t.co/kNBVDzoYrZ https://t.co/OEQQWR7…",0.4939,0.198,0.802,0.0,86
86,@BBC,Fri Mar 16 09:00:03 +0000 2018,"? After having his leg amputated, @MarkSmithBB is now training to become the world's strongest disabled man. https://t.co/BXlGp09hya",0.4404,0.153,0.847,0.0,87
87,@BBC,Fri Mar 16 08:30:05 +0000 2018,"???
Take a look at some of the strangest, scariest and most wonderful plants on the planet, and find out what makes… https://t.co/AMFIAuRcxW",0.6115,0.16,0.84,0.0,88
88,@BBC,Fri Mar 16 08:00:08 +0000 2018,??? Brace yourselves... a Chinese space station could be about to crash into earth. https://t.co/cPFxyUhRsq,-0.4019,0.0,0.828,0.172,89
89,@BBC,Thu Mar 15 21:58:00 +0000 2018,Why were Ansel Adams photographs of America so important? #Civilisations https://t.co/8krOMxDz9C,0.3327,0.191,0.809,0.0,90
90,@BBC,Thu Mar 15 21:04:00 +0000 2018,"At a time in China when artists were persecuted, this painter secretly created beautiful landscapes. #Civilisations https://t.co/ApGgOkXX2w",0.5574,0.278,0.613,0.108,91
91,@BBC,Thu Mar 15 19:30:04 +0000 2018,70% of children growing up in poverty in Scotland have a parent who is in work. https://t.co/NPY8FbCaf4,-0.3818,0.089,0.737,0.174,92
92,@BBC,Thu Mar 15 18:30:06 +0000 2018,"No time in the mornings? 
?? Pop these in the fridge the night before to feed the family breakfast almost instantly… https://t.co/FtuewpoBva",-0.296,0.0,0.905,0.095,93
93,@BBC,Thu Mar 15 17:30:05 +0000 2018,??? Meet the amazing 84-year-old who’s never had an art lesson but painted a life-size replica of a Canaletto maste… https://t.co/X39YxKuxKe,0.34,0.118,0.882,0.0,94
94,@BBC,Thu Mar 15 13:52:24 +0000 2018,RT @BBCR1: .@CHVRCHES covering @The1975's 'Somebody Else' in the Live Lounge is so stunning ? https://t.co/djNHaPKlLi,0.5214,0.194,0.806,0.0,95
95,@BBC,Thu Mar 15 13:00:05 +0000 2018,"Tiny cookery. It's like regular cookery, but smaller. https://t.co/9Q0R2CiUVi",0.1901,0.179,0.821,0.0,96
96,@BBC,Thu Mar 15 12:00:16 +0000 2018,"?? Stars of the silver screen all at sea. 
?? https://t.co/YJ7PzhblOE https://t.co/PnHxJNmeok",0.0,0.0,1.0,0.0,97
97,@BBC,Thu Mar 15 10:45:00 +0000 2018,"BBC Economics Editor @bbckamal travels back to his old school to talk about real news, and it’s opposite, fake news… https://t.co/CAKG8AbVn8",-0.4767,0.0,0.866,0.134,98
98,@BBC,Thu Mar 15 10:26:48 +0000 2018,RT @BBCr4today: Can you spot fake news? #BBCSchoolReport and John Humphrys are here to help... Play the game ? https://t.co/ulq1aviwP9 #r4t…,-0.1779,0.102,0.766,0.132,99
99,@BBC,Thu Mar 15 09:53:48 +0000 2018,"RT @BBCR1: The bike is back.
The lycra is BACK.

@GregJames' #Gregathlon for @SportRelief is back on the road to Ben Nevis! Today's challen…",0.0,0.0,1.0,0.0,100
100,@CBS,Mon Mar 19 21:02:26 +0000 2018,"RT @YandR_CBS: Forever evolving, Forever inspiring, Forever Young and Restless. ?? Get ready to celebrate 45 years of #YR starting in just…",0.7845,0.309,0.619,0.072,1
101,@CBS,Sun Mar 18 23:44:30 +0000 2018,New start times in East/Central Time Zones: #60Minutes 7:37ET/6:37CT #Instinct series premiere 8:37ET/7:37CT… https://t.co/xT3YKqmu2M,0.0,0.0,1.0,0.0,2
102,@CBS,Sun Mar 18 18:05:43 +0000 2018,Spend your Sunday streaming Second Round games LIVE with a FREE trial of CBS All Access! https://t.co/3P85rXLy4b https://t.co/zbWfirD9Ju,0.6514,0.213,0.787,0.0,3
103,@CBS,Sun Mar 18 17:09:53 +0000 2018,"RT @instinctcbs: TONIGHT, Dr. Dylan Reinhart rewrites the book on abnormal behavior. Don't miss the premiere of #Instinct at 8/7c! https://…",0.1867,0.08,0.92,0.0,4
104,@CBS,Sat Mar 17 19:00:02 +0000 2018,"If any duo knows how to rock the stage, it's @FLAGALine. The Vocal Duo Of The Year nominee will perform live at the… https://t.co/FknabB8NQp",0.0,0.0,1.0,0.0,5
105,@CBS,Sat Mar 17 17:42:43 +0000 2018,How is your bracket looking after last night? Stream Second Round games LIVE today with a FREE trial of CBS All Acc… https://t.co/25JlIpgwog,0.6166,0.161,0.839,0.0,6
106,@CBS,Sat Mar 17 14:00:03 +0000 2018,Where better to spend #StPatricksDay than the place everybody knows your name? It’s just your luck that every singl… https://t.co/Fom5wmdENL,0.7096,0.247,0.753,0.0,7
107,@CBS,Fri Mar 16 22:53:21 +0000 2018,Stars @JakeMcDorman and Nik Dodani will join the cast in the upcoming revival of Murphy Brown coming to CBS.… https://t.co/JCAx29lo0i,0.296,0.104,0.896,0.0,8
108,@CBS,Fri Mar 16 18:15:53 +0000 2018,"RT @thegoodfight: Go behind the scenes with costume designer @DanLawsonStyle in ""Behind The Style,"" a new weekly video series all about the…",0.0,0.0,1.0,0.0,9
109,@CBS,Fri Mar 16 16:28:40 +0000 2018,The games have just begun! Continue to stream First Round games LIVE today with a FREE trial of CBS All Access:… https://t.co/YTGsJ48zYP,0.6514,0.178,0.822,0.0,10
110,@CBS,Thu Mar 15 17:54:06 +0000 2018,"RT @TheTalkCBS: You asked, we answered! The fun never ends when the ladies #KeepTalking and answer your fan questions ???? https://t.co/ie1…",0.7088,0.237,0.763,0.0,11
111,@CBS,Thu Mar 15 17:20:26 +0000 2018,RT @instinctcbs: Dr. Dylan Reinhart is lured back into the field from his life of quiet academia when a certain serial killer makes things…,-0.4939,0.077,0.766,0.157,12
112,@CBS,Thu Mar 15 16:42:41 +0000 2018,Stream First Round games LIVE today starting at 12PM ET with a FREE trial of CBS All Access! https://t.co/3P85rXLy4b https://t.co/vZow3YD8cb,0.6514,0.194,0.806,0.0,13
113,@CBS,Thu Mar 15 14:32:16 +0000 2018,RT @CBSSports: It's the most wonderful time of the year. #MarchMadness https://t.co/e4c9qohqSR,0.6115,0.266,0.734,0.0,14
114,@CBS,Wed Mar 14 19:30:01 +0000 2018,"Give these ladies some love! @Lauren_Alaina, @DBradbery, @carlypearce, and @RaeLynn are nominated for New Female Vo… https://t.co/IVhwURfJ3S",0.6696,0.219,0.781,0.0,15
115,@CBS,Tue Mar 13 18:48:52 +0000 2018,"RT @ManWithAPlan: Hungry for more #ManWithAPlan bloopers and behind-the-scenes videos featuring cast like @matt_leblanc, @thelizasnyder, @k…",0.3612,0.143,0.857,0.0,16
116,@CBS,Tue Mar 13 14:15:10 +0000 2018,"Music stars @MileyCyrus, @edsheeran, @ladygaga, and more will honor the legendary @eltonofficial and his hit songs… https://t.co/UzxARCCLnI",0.539,0.179,0.821,0.0,17
117,@CBS,Mon Mar 12 18:13:28 +0000 2018,RT @thegoodfight: The verdict is in. The new season of #TheGoodFight is ???! Stream it now on CBS All Access: https://t.co/FkYSNSXlRb https…,0.2244,0.083,0.917,0.0,18
118,@CBS,Mon Mar 12 01:20:43 +0000 2018,"RT @MadamSecretary: In less than an hour, #MadamSecretary's Keith Carradine will be taking over the @MadamSecretary Twitter page! Tweet alo…",0.0,0.0,1.0,0.0,19
119,@CBS,Fri Mar 09 22:48:26 +0000 2018,RT @DierksBentley: Take and post a photo of the woman in your life who inspires you daily! Use the hashtag #WomanAmenACM in your post for a…,0.4926,0.117,0.883,0.0,20
120,@CBS,Fri Mar 09 22:24:20 +0000 2018,"RT @MomCBS: If you missed guest star @KChenoweth in the latest episode of #Mom, not to worry! Watch now: https://t.co/RlvXoGOZ0l https://t.…",0.1275,0.113,0.795,0.092,21
121,@CBS,Fri Mar 09 21:10:21 +0000 2018,"Give a round of applause to @KelseaBallerini, @MirandaLambert, @Reba, @MarenMorris, and @CarrieUnderwood, the five… https://t.co/Ncp1BTXx6N",0.4215,0.177,0.823,0.0,22
122,@CBS,Fri Mar 09 18:27:28 +0000 2018,"RT @thegoodfight: Smart, sexy, and sophisticated. See what's coming this season on #TheGoodFight. https://t.co/CuKhx2G50P https://t.co/ygTI…",0.8658,0.447,0.553,0.0,23
123,@CBS,Fri Mar 09 16:02:27 +0000 2018,RT @BlueBloods_CBS: Even stand-up guys fall down sometimes. #BlueBloods is new tonight at 10/9c! https://t.co/UOlDm22wWW,0.0,0.0,1.0,0.0,24
124,@CBS,Thu Mar 08 18:00:49 +0000 2018,Today and every day we celebrate the women in our lives who empower and inspire us. Share a story about an influent… https://t.co/9rVtqrElvT,0.8625,0.336,0.664,0.0,25
125,@CBS,Thu Mar 08 17:03:04 +0000 2018,Take and post a photo of the woman in your life who inspires you daily! Use the hashtag #WomanAmenACM in your post… https://t.co/7ShhvE48zy,0.4926,0.132,0.868,0.0,26
126,@CBS,Wed Mar 07 18:39:10 +0000 2018,"RT @thegoodfight: Meticulously constructed. Soapy &amp; sexy. Intoxicating, savage television. ? Here's what critics are saying about #TheGoodF…",-0.2023,0.15,0.619,0.23,27
127,@CBS,Wed Mar 07 17:06:02 +0000 2018,"This just in! @Jason_Aldean, @mirandalambert, @LukeBryanOnline, and many more are set to perform at the 53rd Academ… https://t.co/mfxw2VxzU4",0.0,0.0,1.0,0.0,28
128,@CBS,Tue Mar 06 18:10:59 +0000 2018,"Meet the ensemble of talented actors slated to join $1, a new mystery series coming to CBS All Access:… https://t.co/QoyYv7vxwg",0.6705,0.244,0.756,0.0,29
129,@CBS,Mon Mar 05 22:16:43 +0000 2018,"Will @Jason_Aldean, @garthbrooks, @LukeBryanOnline, @ChrisStapleton, or @KeithUrban be named Entertainer Of The Yea… https://t.co/rMD8zjeX3s",0.3818,0.167,0.833,0.0,30
130,@CBS,Sun Mar 04 08:05:26 +0000 2018,"RT @thegoodfight: It feels good to be back. ??? The season 2 premiere of #TheGoodFight is now streaming, exclusively on CBS All Access: htt…",0.4404,0.116,0.884,0.0,31
131,@CBS,Sat Mar 03 20:55:20 +0000 2018,"RT @thegoodfight: Tomorrow, #TheGoodFight is back. Stream the season 2 premiere only on CBS All Access: https://t.co/tNFR8LBJO2 https://t.c…",0.0,0.0,1.0,0.0,32
132,@CBS,Fri Mar 02 22:30:01 +0000 2018,"Who are the trailblazing women in your life that inspire you? Join CBS and the ANA's #SeeHer initiative, celebratin… https://t.co/M0KqZ41Bes",0.7096,0.247,0.753,0.0,33
133,@CBS,Fri Mar 02 20:30:01 +0000 2018,"Join @maria_bello, @aishatyler and @TeaLeoni in celebrating the accomplishments of women who have contributed to th… https://t.co/MefESBeFL3",0.7096,0.282,0.718,0.0,34
134,@CBS,Fri Mar 02 18:45:00 +0000 2018,"In honor of Women's History Month, CBS and the Association of National Advertisers' (ANA) #SeeHer initiative will p… https://t.co/2wtYxKJVuO",0.4939,0.151,0.849,0.0,35
135,@CBS,Thu Mar 01 18:59:01 +0000 2018,RT @ZoeListerJones: Tonight’s an all new Life In Pieces and it’s directed by my ride or die @nataliaanderson!!!… https://t.co/2LPfmyLWrY,-0.6981,0.0,0.79,0.21,36
136,@CBS,Thu Mar 01 18:12:57 +0000 2018,"RT @MarenMorris: Hot damn! Woke up from my post-wisdom teeth haze to find out I’m up for 4 @ACMawards ! So honored, especially for the Dear…",0.4547,0.159,0.749,0.092,37
137,@CBS,Thu Mar 01 18:11:50 +0000 2018,RT @KelseaBallerini: Ohhhhh goodness. Incredible. Thank you thank you thank you. #female https://t.co/1ZTYjNfQeF,0.8591,0.538,0.462,0.0,38
138,@CBS,Thu Mar 01 18:10:50 +0000 2018,RT @KeithUrban: ACMs...... HOLY SMOKES!!!!! MAD LOVE TO U ALL THIS MORNING  FOR THESE INCREDIBLE NOMINATIONS. I’M EXTREMELY GRATEFUL!!!!!!!…,0.4885,0.234,0.615,0.151,39
139,@CBS,Thu Mar 01 14:36:21 +0000 2018,"RT @ACMawards: Congratulations to this year’s #ACMawards Video of the Year nominees:
“Black” - @DierksBentley
“It Ain’t My Fault” - @Brothe…",0.5994,0.178,0.822,0.0,40
140,@CBS,Thu Mar 01 14:29:20 +0000 2018,"RT @ACMawards: Please give a round of applause to this year’s #ACMawards Entertainer of the Year nominees: @Jason_Aldean, @GarthBrooks, @Lu…",0.7717,0.325,0.675,0.0,41
141,@CBS,Thu Mar 01 14:15:29 +0000 2018,".@ChrisStapleton, @ThomasRhett, @mirandalambert and more are all nominated for awards at Country Music's Party of t… https://t.co/Vm1vXRUDYJ",0.6908,0.275,0.725,0.0,42
142,@CBS,Thu Mar 01 13:50:11 +0000 2018,"The Queen of Country, @Reba, is returning to host the 53rd #ACMawards on Sunday, April 15 at 8/7c. Here are a few o… https://t.co/Iqzz6Gql01",0.0,0.0,1.0,0.0,43
143,@CBS,Thu Mar 01 01:04:52 +0000 2018,RT @survivorcbs: It’s time! #Survivor https://t.co/YPk6cGWrUA,0.0,0.0,1.0,0.0,44
144,@CBS,Wed Feb 28 19:56:58 +0000 2018,"RT @CBSThisMorning: TOMORROW: The nominees for the 2018 @ACMawards will be announced live by the one-and-only, @Reba! 

Watch on @CBS in ou…",0.0,0.0,1.0,0.0,45
145,@CBS,Wed Feb 28 19:08:30 +0000 2018,"RT @thegoodfight: From the set design and costumes to hair and makeup, the production quality is truly next-level. Take a peek inside the u…",0.4404,0.116,0.884,0.0,46
146,@CBS,Tue Feb 27 03:23:47 +0000 2018,RT @LivinBiblically: The fun continues on Facebook! The #LivingBiblically cast is live to talk about tonight’s premiere. Tune in here: http…,0.5562,0.152,0.848,0.0,47
147,@CBS,Mon Feb 26 22:50:32 +0000 2018,"RT @KevinCanWaitCBS: Can you get all the way through these #KevinCanWait bloopers without laughing?! @KevinJames,@LeahRemini and the rest o…",0.0,0.0,1.0,0.0,48
148,@CBS,Mon Feb 26 21:08:30 +0000 2018,"RT @ACMawards: That’s right! @Reba is headed to @CBSThisMorning on Thursday, March 1 to announce this year’s #ACMAwards' nominees. Tune in…",0.0,0.0,1.0,0.0,49
149,@CBS,Mon Feb 26 19:53:41 +0000 2018,"RT @ScorpionCBS: You can't hack your way to a 197 IQ, but you are well on your way with these Genius Facts from #TeamScorpion! ? You can be…",0.4482,0.105,0.895,0.0,50
150,@CBS,Mon Feb 26 18:32:36 +0000 2018,RT @SuperiorDonuts: You can always count on @DavidKoechner for a laugh! Did your favorite Tush moment make the list? Catch a new #SuperiorD…,0.784,0.266,0.734,0.0,51
151,@CBS,Mon Feb 26 18:20:16 +0000 2018,RT @TheTalkCBS: TODAY: We loved them together then &amp; we love seeing them together now! Welcome back to the show @THESaraGilbert?'s good fri…,0.9359,0.429,0.571,0.0,52
152,@CBS,Mon Feb 26 16:53:56 +0000 2018,"RT @thegoodfight: As foundations begin to crumble, our characters struggle to make sense of this new dystopian world. The cast teases what'…",-0.5423,0.0,0.816,0.184,53
153,@CBS,Mon Feb 26 16:52:01 +0000 2018,"#LivingBiblically's @linzkraft and @jrfergjr appeared on @KCBS's Facebook Live this morning, talking all about what… https://t.co/4RebcHuuMQ",0.0,0.0,1.0,0.0,54
154,@CBS,Mon Feb 26 16:17:55 +0000 2018,"RT @CBSSports: Introducing CBS Sports HQ, a New 24/7 Direct-to-Consumer Streaming Network for Sports News, Highlights, &amp; Analysis.

Stream…",0.0,0.0,1.0,0.0,55
155,@CBS,Mon Feb 26 01:12:32 +0000 2018,"RT @CBSBigBrother: It’s down to the final 5 celebrity Houseguests, and anyone could take home the grand prize! Tune in NOW to watch the #BB…",0.7644,0.231,0.769,0.0,56
156,@CBS,Sun Feb 25 21:51:32 +0000 2018,RT @startrekcbs: Binge the entire first season of #StarTrekDiscovery. All episodes now streaming exclusively on CBS All Access: https://t.c…,0.0,0.0,1.0,0.0,57
157,@CBS,Sun Feb 25 21:51:22 +0000 2018,"RT @thegoodfight: #TheGoodFight returns in 1 week. Season 2 premieres Sunday, March 4. https://t.co/nomCao1GWp https://t.co/BOn6bOe9Tb",0.0,0.0,1.0,0.0,58
158,@CBS,Fri Feb 23 18:15:40 +0000 2018,RT @thegoodfight: This is our new favorite thing. Christine Baranski debuted #TheGoodFight the Musical on @colbertlateshow last night! ??…,0.5093,0.155,0.845,0.0,59
159,@CBS,Thu Feb 22 19:26:52 +0000 2018,"RT @LivinBiblically: Confession time: have YOU ever hit the ""close door"" button in an elevator while somebody was approaching? The cast of…",0.0,0.0,1.0,0.0,60
160,@CBS,Wed Feb 21 19:20:04 +0000 2018,RT @CBSEyeSpeak: Mark your calendars! #CBSEyeSpeak kicks off March 14 with The EYE Speak Summit. Follow our page for more details! https://…,0.0,0.0,1.0,0.0,61
161,@CBS,Wed Feb 21 18:19:25 +0000 2018,"RT @CBSEyeSpeak: Proud to announce a new CBS initiative, promoting female empowerment and developing the next generation of leaders through…",0.6808,0.248,0.752,0.0,62
162,@CBS,Tue Feb 20 19:55:19 +0000 2018,"RT @LivinBiblically: When you're living by the Bible, it's good to have a priest and a rabbi on call (provided they answer their phones, th…",0.4404,0.116,0.884,0.0,63
163,@CBS,Tue Feb 20 17:58:18 +0000 2018,"RT @thegoodfight: Chicago lawyers are being hunted and the world is going insane. 

The new season of #TheGoodFight premieres Sunday, March…",-0.4019,0.0,0.881,0.119,64
164,@CBS,Tue Feb 20 17:39:51 +0000 2018,Ready for some larger than life competition? This new series from @MarkBurnettTV will premiere in summer 2018.… https://t.co/gDXHLdIJ5v,0.3612,0.128,0.872,0.0,65
165,@CBS,Sat Feb 17 01:07:20 +0000 2018,"With tournament dreams on the line, make sure to stream these college basketball matchups on CBS All Access:… https://t.co/SGkYUZrQWB",0.6124,0.227,0.773,0.0,66
166,@CBS,Fri Feb 16 18:42:43 +0000 2018,"RT @LivinBiblically: While Chip's sticking to the Bible's original rules, the cast of #LivingBiblically has given them a more modern makeov…",0.3182,0.108,0.892,0.0,67
167,@CBS,Fri Feb 16 17:48:20 +0000 2018,"Casting News! Peter Mark Kendall, Michael Gaston, Greg Wise, Rade Šerbedžija, Zack Pearlman, and Keye Chen join the… https://t.co/GFob2KrD8H",0.68,0.248,0.752,0.0,68
168,@CBS,Wed Feb 14 19:23:27 +0000 2018,RT @BullCBS: The verdict is in...#Bull is the perfect Valentine! ?? Happy #ValentinesDay! https://t.co/poEejI4AnC,0.8619,0.466,0.534,0.0,69
169,@CBS,Tue Feb 13 20:03:56 +0000 2018,"RT @NoActivityCBS: Car 27 reporting: Season 2 of #NoActivity coming soon!

Binge season one now on CBS All Access: https://t.co/yvxoQMeyhN…",0.0,0.0,1.0,0.0,70
170,@CBS,Tue Feb 13 18:54:52 +0000 2018,"RT @LivinBiblically: Against all odds (and the advice of his God Squad), Chip is determined to live life by the Good Book. Think you could…",0.7506,0.252,0.748,0.0,71
171,@CBS,Mon Feb 12 18:49:45 +0000 2018,RT @thegoodfight: Christine Baranski reflects upon the spectacular metamorphosis of her character in #TheGoodFight's first season. Revisit…,0.0,0.0,1.0,0.0,72
172,@CBS,Mon Feb 12 01:32:33 +0000 2018,RT @startrekcbs: Binge the entire first season of #StarTrekDiscovery. All 15 episodes now streaming on CBS All Access: https://t.co/lKLaptP…,0.0,0.0,1.0,0.0,73
173,@CBS,Fri Feb 09 00:50:01 +0000 2018,RT @SuperiorDonuts: Looking for a #Valentine? Tush is here to help you land your dream date just in time for the day of love! #SuperiorDonu…,0.8478,0.304,0.696,0.0,74
174,@CBS,Thu Feb 08 16:09:35 +0000 2018,RT @CBSBigBrother: The pressure is on as the Houseguests battle each other for victory in the first HOH competition. Stream the season prem…,-0.5859,0.0,0.814,0.186,75
175,@CBS,Wed Feb 07 18:35:19 +0000 2018,"RT @startrekcbs: Sunday, this season's epic journey reaches its final reckoning. Catch up before the season finale: https://t.co/4Ea5wpmAep…",0.0516,0.066,0.934,0.0,76
176,@CBS,Wed Feb 07 16:17:48 +0000 2018,"Are you a sucker for jaw-dropping talent competitions? Announcing The World's Best, a first-of-its-kind new global… https://t.co/fagCMklm2Z",0.5574,0.312,0.536,0.152,77
177,@CBS,Tue Feb 06 22:21:39 +0000 2018,"RT @BullCBS: Tonight, one of these 3 TAC employees will end up incarcerated. Who do you think it will be? Tune into a new episode of #Bull…",0.0,0.0,1.0,0.0,78
178,@CBS,Tue Feb 06 17:05:49 +0000 2018,"RT @thegoodfight: There's no season like lawyer season. #TheGoodFight returns March 4, exclusively on CBS All Access. https://t.co/XAlrg1nB…",0.0772,0.121,0.773,0.106,79
179,@CBS,Sun Feb 04 15:35:36 +0000 2018,"RT @thegoodfight: The acclaimed series returns in 1 month. #TheGoodFight is back Sunday, March 4. https://t.co/5BNLTYRd8p https://t.co/yInP…",0.0,0.0,1.0,0.0,80
180,@CBS,Sun Feb 04 12:00:01 +0000 2018,".@KeshaRose's emotional performance with @CyndiLauper, @AndraDayMusic, @BebeRexha and @Camila_Cabello brought the a… https://t.co/qpgS2e9ir0",0.1531,0.118,0.882,0.0,81
181,@CBS,Sat Feb 03 23:11:43 +0000 2018,Broadway legend Patti LuPone paid tribute to Sir Andrew Lloyd Webber with a show-stopping rendition of the iconic s… https://t.co/GxqLtUzhFP,0.0,0.0,1.0,0.0,82
182,@CBS,Sat Feb 03 12:00:07 +0000 2018,"Relive an entire night's worth of big wins, live performances and many more inspiring moments from The 60th Annual… https://t.co/CH7mJ4Y3QT",0.8268,0.338,0.662,0.0,83
183,@CBS,Fri Feb 02 22:36:13 +0000 2018,RT @swatcbs: ?@TheTalkCBS' @TheRealEve and @ShemarMoore brought some serious heat to the GRAMMYs red carpet: https://t.co/WYTITKkLQd https:…,-0.0772,0.0,0.925,0.075,84
184,@CBS,Fri Feb 02 20:07:40 +0000 2018,"The all-star collaboration between @Rihanna, @DJKhaled and @brysontiller brought the party to the #GRAMMYs with a s… https://t.co/jTv5QbtgUp",0.4019,0.144,0.856,0.0,85
185,@CBS,Fri Feb 02 19:03:33 +0000 2018,RT @TheTalkCBS: All the #redcarpet looks from the 60th annual #GRAMMYs! Did you catch @TheRealEve's sparkly two-piece suit? Diamond accents…,0.4003,0.124,0.876,0.0,86
186,@CBS,Fri Feb 02 17:23:18 +0000 2018,Go backstage with the celebs and see which stars celebrated the big night together! Here are the moments you missed… https://t.co/rgQTXRQyLg,0.6114,0.166,0.834,0.0,87
187,@CBS,Thu Feb 01 22:04:41 +0000 2018,? @DearEvanHansen star Ben Platt gave a soaring performance of a classic Broadway hit. Watch him perform 'Somewhere… https://t.co/HcuizFWo02,0.0,0.0,1.0,0.0,88
188,@CBS,Thu Feb 01 20:09:49 +0000 2018,"? @LittleBigTown, @U2, @BrunoMars and @Pink are just a few of the superstar performers that lit up the stage at The… https://t.co/2v0MNYMItG",0.0,0.0,1.0,0.0,89
189,@CBS,Wed Jan 31 21:42:15 +0000 2018,"Don't miss country stars Emmylou Harris and @ChrisStapleton perform a moving rendition of @TomPetty's classic song,… https://t.co/GxoIW97XIu",0.1139,0.088,0.912,0.0,90
190,@CBS,Wed Jan 31 17:05:47 +0000 2018,RT @survivorcbs: Get excited! ? It’s finally time to meet the castaways of #Survivor: Ghost Island ? https://t.co/xQQ8ROhKbM https://t.co/P…,0.1007,0.135,0.75,0.115,91
191,@CBS,Wed Jan 31 16:37:17 +0000 2018,"Country stars @EricChurch, @BrothersOsborne and @MarenMorris performed a touching tribute dedicated to the victims… https://t.co/YCIq9i70fd",0.4588,0.188,0.812,0.0,92
192,@CBS,Wed Jan 31 06:55:30 +0000 2018,Missed the Man vs. Beast #SuperBowlCommercials showdown? Catch up now to find out which entertaining ad was named t… https://t.co/SlyO0n7yMX,0.1779,0.126,0.779,0.095,93
193,@CBS,Wed Jan 31 02:15:16 +0000 2018,"RT @rikimae: Ok, that one makes me cry #superbowlcommercials",-0.2263,0.179,0.569,0.252,94
194,@CBS,Wed Jan 31 01:58:40 +0000 2018,"If this doesn’t make you cry, nothing will. #SuperBowlCommercials https://t.co/UjFf3xr4so",-0.4767,0.0,0.744,0.256,95
195,@CBS,Wed Jan 31 01:52:46 +0000 2018,"RT @maverickkr: #superbowlcommercials the frogs were great, I'd forgotten about that one.",0.4939,0.256,0.625,0.119,96
196,@CBS,Wed Jan 31 01:49:43 +0000 2018,"If you haven't voted yet, it's not too late! Choose your favorite here: https://t.co/s4pEIF5IX8… https://t.co/VCa1YHDyYy",0.5093,0.19,0.81,0.0,97
197,@CBS,Wed Jan 31 01:31:27 +0000 2018,RT @5691e44f3b66446: I am having so much fun ...the commercials are awesome #superbowlcommercials,0.8261,0.434,0.566,0.0,98
198,@CBS,Wed Jan 31 01:29:10 +0000 2018,RT @LittleShelbyMae: Love watching the #superbowlcommercials all the animal ones are my favorite!!,0.8309,0.414,0.586,0.0,99
199,@CBS,Wed Jan 31 01:24:16 +0000 2018,RT @PatHale915: Doritos time machine was great!   #superbowlcommercials,0.6588,0.386,0.614,0.0,100
200,@CNN,Tue Mar 20 08:44:25 +0000 2018,US President Trump has signed an executive order banning US citizens from buying Venezuela's newly created cryptocu… https://t.co/oOwF0OTrNm,0.25,0.105,0.895,0.0,1
201,@CNN,Tue Mar 20 08:31:41 +0000 2018,This village in China is a modern-day shrine to President Xi Jinping. CNN paid a visit and were followed by securit… https://t.co/CFX3QycJcJ,0.0,0.0,1.0,0.0,2
202,@CNN,Tue Mar 20 08:19:01 +0000 2018,"""All acts and tricks to split the motherland are doomed to failure and will be condemned by the people and punished… https://t.co/oD9PrLELgu",-0.8979,0.0,0.602,0.398,3
203,@CNN,Tue Mar 20 08:07:55 +0000 2018,Delta Airlines misrouted an Idaho man's 8-week-old puppy on a cross-country trip -- landing in Las Vegas and Salt L… https://t.co/FOkdT3e1Y7,0.0,0.0,1.0,0.0,4
204,@CNN,Tue Mar 20 08:01:01 +0000 2018,"Neanderthals, Denisovans and our ancestors were mixing and mingling a long time ago -- and some of our genetics can… https://t.co/VkXGPKzK9N",0.0,0.0,1.0,0.0,5
205,@CNN,Tue Mar 20 07:53:09 +0000 2018,"The Cambridge Analytica scandal has done immense damage to the Facebook brand, sources across the company believe… https://t.co/EjcHYYvul9",-0.7269,0.0,0.724,0.276,6
206,@CNN,Tue Mar 20 07:42:06 +0000 2018,"Facebook's value plunges $37 billion on news that data firm Cambridge Analytica, which had ties to Trump's campaign… https://t.co/2N2l7AoNZ7",0.34,0.118,0.882,0.0,7
207,@CNN,Tue Mar 20 07:31:09 +0000 2018,Patients who visit emergency rooms are getting hit with sky-high bills. Spending on an ER visit in the US rose to $… https://t.co/1TvD7xi3ZD,-0.3818,0.0,0.894,0.106,8
208,@CNN,Tue Mar 20 07:17:12 +0000 2018,"How a designer got his scarf into ""Black Panther"" https://t.co/PZFJ6EQBGX https://t.co/5afeV6hll3",0.0,0.0,1.0,0.0,9
209,@CNN,Tue Mar 20 07:01:03 +0000 2018,This single mother and her four children were living out of their car. Then a cop decided he had to do something.… https://t.co/OHbvJtH2mU,0.0,0.0,1.0,0.0,10
210,@CNN,Tue Mar 20 06:57:03 +0000 2018,The US announces the start date for its annual military exercises with South Korea as President Trump readies for a… https://t.co/XhKwzBWxnI,0.0,0.0,1.0,0.0,11
211,@CNN,Tue Mar 20 06:44:27 +0000 2018,Correction: This story has been updated to clarify that Sudan was a northern white rhino. https://t.co/sxb8eAeKcT https://t.co/3IAFpojlJK,0.0,0.0,1.0,0.0,12
212,@CNN,Tue Mar 20 06:33:32 +0000 2018,The world's last male white rhino has died leaving only two females left to save the species from extinction.… https://t.co/mN92F0nLwL,-0.1027,0.129,0.726,0.145,13
213,@CNN,Tue Mar 20 06:31:07 +0000 2018,9/11 hero who saved hundreds dies of cancer at age 45 https://t.co/RsYz8zDVX4 https://t.co/eAW7TRsPyD,0.25,0.308,0.481,0.212,14
214,@CNN,Tue Mar 20 06:10:42 +0000 2018,"Amnesty International has accused the Nigerian army of failing to act on ""advance warnings"" given a few hours befor… https://t.co/OzUer6y6xw",-0.7717,0.0,0.675,0.325,15
215,@CNN,Tue Mar 20 06:06:33 +0000 2018,"Undercover British television report is ""edited and scripted to grossly misrepresent the nature of those conversati… https://t.co/DQbCb3eF1W",-0.2263,0.0,0.894,0.106,16
216,@CNN,Tue Mar 20 06:01:04 +0000 2018,President Trump has signed an executive order banning US citizens from buying Venezuela's newly created cryptocurre… https://t.co/atpoLD928t,0.25,0.111,0.889,0.0,17
217,@CNN,Tue Mar 20 05:50:55 +0000 2018,"A military band plays out the delegates in the Great Hall of the People, ending the 13th National People's Congress… https://t.co/kpJXcbpoep",0.7269,0.253,0.747,0.0,18
218,@CNN,Tue Mar 20 05:31:05 +0000 2018,Your personal information is Facebook's currency. It's bought and sold every day. https://t.co/6s4nc2UgOs,0.0,0.0,1.0,0.0,19
219,@CNN,Tue Mar 20 05:26:27 +0000 2018,"""All acts and tricks to split the motherland are doomed to failure and will be condemned by the people and punished… https://t.co/MbjE8JbxyM",-0.8979,0.0,0.602,0.398,20
220,@CNN,Tue Mar 20 05:21:27 +0000 2018,"""Trump is Nixon on steroids and stilts.""

John Dean, who served as White House counsel for President Richard Nixon… https://t.co/BwMCukpgiN",0.0,0.0,1.0,0.0,21
221,@CNN,Tue Mar 20 05:10:16 +0000 2018,"Six months after Hurricane Maria devastated Puerto Rico, the news is the return of normalcy for some. But the road… https://t.co/EqmCCIZ98P",-0.6124,0.0,0.833,0.167,22
222,@CNN,Tue Mar 20 05:01:04 +0000 2018,"In 1999, there were more than 2 million pay phones across America. 100,000 are left today. https://t.co/YhVnkog7mu https://t.co/RdQyhgYJMW",-0.1689,0.0,0.906,0.094,23
223,@CNN,Tue Mar 20 04:57:54 +0000 2018,"(Correction) Ballerina Misty Copeland made history in 2015, becoming the 1st female African American principal danc… https://t.co/KX0wCvTVZ6",0.0,0.0,1.0,0.0,24
224,@CNN,Tue Mar 20 04:46:04 +0000 2018,"The Cambridge Analytica scandal has done immense damage to the Facebook brand, sources across the company believe… https://t.co/DdqhcY78x9",-0.7269,0.0,0.724,0.276,25
225,@CNN,Tue Mar 20 04:31:05 +0000 2018,96-year-old style icon Iris Apfel has become the oldest person ever to be immortalized as a Barbie doll… https://t.co/6dOW9LLZfx,0.0,0.0,1.0,0.0,26
226,@CNN,Tue Mar 20 04:21:24 +0000 2018,"Speaking at the closure of the 13th National People's Congress, Chinese President Xi Jinping delivered a confident,… https://t.co/OxfcUDYKkw",0.0,0.0,1.0,0.0,27
227,@CNN,Tue Mar 20 04:16:42 +0000 2018,"""President Trump is acting guilty as hell going after Mueller,"" says Democratic Sen. Chris Van Hollen… https://t.co/beD34Po0QU",-0.8126,0.0,0.67,0.33,28
228,@CNN,Tue Mar 20 04:14:25 +0000 2018,The studio co-founded by disgraced movie mogul Harvey Weinstein has been crippled by the sexual harassment and assa… https://t.co/gKN3STMjVu,-0.7579,0.0,0.723,0.277,29
229,@CNN,Tue Mar 20 04:09:57 +0000 2018,This village in China is a modern-day shrine to President Xi Jinping. CNN paid a visit and were followed by securit… https://t.co/A1HvaNuj8B,0.0,0.0,1.0,0.0,30
230,@CNN,Tue Mar 20 04:01:03 +0000 2018,A 9-year-old boy retrieved a gun from his parents' bedroom and shot his 13-year-old sister to death after the two g… https://t.co/1CXndSSZuE,-0.743,0.0,0.741,0.259,31
231,@CNN,Tue Mar 20 03:59:53 +0000 2018,"Ballerina Misty Copeland made history in 2015, becoming the first principal dancer for American Ballet Theatre. We’… https://t.co/kuuodA3nas",0.0,0.0,1.0,0.0,32
232,@CNN,Tue Mar 20 03:31:02 +0000 2018,Mississippi Gov. Phil Bryant has signed into law a bill that prevents women from getting abortions after 15 weeks o… https://t.co/VILPjdWHhz,0.0772,0.064,0.936,0.0,33
233,@CNN,Tue Mar 20 03:16:07 +0000 2018,"Susan Pompeo, wife of CIA chief Mike Pompeo, has taken on an unusually active role for a CIA spouse in agency affai… https://t.co/kCo2Mh2rkR",0.4576,0.125,0.875,0.0,34
234,@CNN,Tue Mar 20 03:09:18 +0000 2018,Wylie discusses Cambridge Analytica's possible connections to Russia: “I am concerned we made Russia aware of the p… https://t.co/zJnKlQkUQJ,0.0,0.0,1.0,0.0,35
235,@CNN,Tue Mar 20 03:01:06 +0000 2018,"How a designer got his scarf into ""Black Panther"" https://t.co/vIjG20TbWu https://t.co/GDD5ibMslm",0.0,0.0,1.0,0.0,36
236,@CNN,Tue Mar 20 02:56:57 +0000 2018,“Facebook’s only doing something now because I am coming out and speaking out.” Wylie says he is frustrated with th… https://t.co/w9a7vSaOAc,-0.5267,0.0,0.848,0.152,37
237,@CNN,Tue Mar 20 02:46:53 +0000 2018,"Wylie says Cambridge Analytica had tested Trump campaign slogans since 2014: ""I was surprised when I saw the Trump… https://t.co/a8PZRMDTnx",0.2263,0.095,0.905,0.0,38
238,@CNN,Tue Mar 20 02:46:06 +0000 2018,Why Mark Zuckerberg needs to testify before Congress | By Kara Alaimo via @CNNOpinion https://t.co/xdgtqjnNK6 https://t.co/QGVEi85ce1,0.0,0.0,1.0,0.0,39
239,@CNN,Tue Mar 20 02:34:49 +0000 2018,Former Cambridge Analytica contractor Christopher Wylie tells CNN’s @donlemon that he helped build a “psychological… https://t.co/uzQAgripRy,0.0,0.0,1.0,0.0,40
240,@CNN,Tue Mar 20 02:31:05 +0000 2018,"A 19-year-old US student who went missing over the weekend has been found dead in Bermuda, authorities there say… https://t.co/ZBGYwmmQQt",-0.7579,0.0,0.723,0.277,41
241,@CNN,Tue Mar 20 02:25:44 +0000 2018,Delta Airlines misrouted an Idaho man's 8-week-old puppy on a cross-country trip -- landing in Las Vegas and Salt L… https://t.co/4xzHQ2OpOQ,0.0,0.0,1.0,0.0,42
242,@CNN,Tue Mar 20 02:16:04 +0000 2018,"As President Trump's reaction to special counsel Robert Mueller grows more irate by the day, attorneys on both side… https://t.co/PAGvAKksV2",-0.3597,0.108,0.723,0.168,43
243,@CNN,Tue Mar 20 02:06:05 +0000 2018,The US announces the start date for its annual military exercises with South Korea as President Trump readies for a… https://t.co/3fNnGF2WTM,0.0,0.0,1.0,0.0,44
244,@CNN,Tue Mar 20 02:01:04 +0000 2018,"A Marjory Stoneman Douglas graduate is making a sculpture to honor the school shooting victims. The names of the ""1… https://t.co/OGSqWoxYD0",0.2263,0.142,0.756,0.102,45
245,@CNN,Tue Mar 20 01:58:57 +0000 2018,"RT @AC360: Republican Rep. Matt Gaetz says Attorney General Jeff Sessions would be ""right to renounce his recusal, to re-establish command…",0.0,0.0,1.0,0.0,46
246,@CNN,Tue Mar 20 01:56:02 +0000 2018,"Facebook's value plunges $37 billion on news that data firm Cambridge Analytica, which had ties to Trump's campaign… https://t.co/VTPrmyYTEc",0.34,0.118,0.882,0.0,47
247,@CNN,Tue Mar 20 01:51:06 +0000 2018,"It's official: ""Sex and the City"" star Cynthia Nixon has announced that she is throwing her hat in the New York gub… https://t.co/Dy0HfIgbQI",0.0,0.0,1.0,0.0,48
248,@CNN,Tue Mar 20 01:50:33 +0000 2018,RT @AC360: Anderson Cooper: President Trump's recent actions aimed at undermining the institutions that he believes threaten him is a patte…,-0.6249,0.0,0.779,0.221,49
249,@CNN,Tue Mar 20 01:46:05 +0000 2018,"Alex Stamos, Facebook's chief security officer, says he's still ""fully engaged"" in his work at Facebook following r… https://t.co/ArNf1dJY7L",0.659,0.241,0.759,0.0,50
250,@CNN,Tue Mar 20 01:45:46 +0000 2018,"RT @OutFrontCNN: Comedian John Oliver, Vice President Mike Pence, a pair of bunny books, and one ""hopping mad"" publisher. This is the tale…",-0.1531,0.101,0.775,0.124,51
251,@CNN,Tue Mar 20 01:41:06 +0000 2018,The NTSB wants the FAA to ban commercial flights' use of harness systems that don't allow for easy release during e… https://t.co/W2wiBEX3Vd,-0.7699,0.0,0.712,0.288,52
252,@CNN,Tue Mar 20 01:31:08 +0000 2018,First lady Melania Trump made a rare appearance that included public remarks in support of those battling the opioi… https://t.co/wIYSztOJIm,0.1531,0.124,0.78,0.096,53
253,@CNN,Tue Mar 20 01:24:06 +0000 2018,The spending bill that Congress is expected to usher though this week will most likely not include sexual harassmen… https://t.co/cwWMuYOKWS,0.0,0.0,1.0,0.0,54
254,@CNN,Tue Mar 20 01:16:00 +0000 2018,"Former Nixon White House counsel John Dean says President Trump ""is Nixon on steroids and stilts""… https://t.co/IsKq3WBVCi",0.0,0.0,1.0,0.0,55
255,@CNN,Tue Mar 20 01:12:05 +0000 2018,A load of gold worth up to $54 million went missing during the Civil War. The mystery gained new life when FBI agen… https://t.co/dKZAFdBUx0,-0.3818,0.152,0.642,0.206,56
256,@CNN,Tue Mar 20 01:09:03 +0000 2018,"Power, sex and data: A weekend of issues in the Trump presidency | By Juliette Kayyem via @CNNOpinion… https://t.co/Luhz309KQn",0.0,0.0,1.0,0.0,57
257,@CNN,Tue Mar 20 01:02:04 +0000 2018,El Salvador may be the first country to have a community of 3D-printed homes https://t.co/zn5VfEuBWP https://t.co/vkdtHpla2L,0.0,0.0,1.0,0.0,58
258,@CNN,Tue Mar 20 00:54:13 +0000 2018,"""What I think we're witnessing is a very public obstruction of justice. He ... has already exceeded everything that… https://t.co/XuIPoigeJw",0.5267,0.167,0.833,0.0,59
259,@CNN,Tue Mar 20 00:50:29 +0000 2018,"Democratic Rep. Jim Himes on President Trump adding attorney who pushed theory DOJ framed Trump: ""He is looking for… https://t.co/uADfABs9wF",0.0,0.0,1.0,0.0,60
260,@CNN,Tue Mar 20 00:47:47 +0000 2018,It's one thing to have a situation where Facebook may be targeting users with ads; It's a different situation when… https://t.co/rCEnSB20ua,0.0,0.0,1.0,0.0,61
261,@CNN,Tue Mar 20 00:36:16 +0000 2018,We ignore these Iraq War lessons at our peril | By Jeremi Suri via @CNNOpinion https://t.co/PTI4pEW3sq https://t.co/uR8N5s2f3X,-0.8442,0.0,0.588,0.412,62
262,@CNN,Tue Mar 20 00:31:07 +0000 2018,Why Senate Majority Leader Mitch McConnell hasn't said anything about President Trump's attacks on special counsel… https://t.co/pMIYW3co5R,-0.0516,0.131,0.728,0.141,63
263,@CNN,Tue Mar 20 00:26:07 +0000 2018,"A billionaire, a Kennedy and an upstart state lawmaker are the leading Democratic challengers in the race to unseat… https://t.co/dlyGsPvxkO",0.1027,0.076,0.924,0.0,64
264,@CNN,Tue Mar 20 00:21:03 +0000 2018,The US warned that ISIS has begun reconstituting in some areas of Syria because a Turkish military offensive agains… https://t.co/ZnonenOhTJ,-0.6249,0.0,0.769,0.231,65
265,@CNN,Tue Mar 20 00:16:00 +0000 2018,"President Trump called the Russia investigation a ""total witch hunt."" @jaketapper takes a closer look at recent dev… https://t.co/PeCjjSdiJE",-0.3612,0.0,0.865,0.135,66
266,@CNN,Tue Mar 20 00:13:05 +0000 2018,Your personal information is Facebook's currency. It's bought and sold every day. https://t.co/n2ijDvNtBB,0.0,0.0,1.0,0.0,67
267,@CNN,Tue Mar 20 00:11:01 +0000 2018,The wife of the man who killed dozens at an Orlando nightclub in 2016 told FBI investigators she knew beforehand th… https://t.co/5SuIBNH0k4,-0.6705,0.0,0.824,0.176,68
268,@CNN,Tue Mar 20 00:08:15 +0000 2018,"President Trump, who as a candidate used the Clinton Foundation to slam his opponent Hillary Clinton, heralded an o… https://t.co/rGpaIWkWkV",-0.3818,0.0,0.874,0.126,69
269,@CNN,Tue Mar 20 00:03:07 +0000 2018,"Three members of the Congressional Black Caucus have called for the bombings in Austin, Texas, to be classified as… https://t.co/NlFGxAz2WZ",0.0,0.0,1.0,0.0,70
270,@CNN,Mon Mar 19 23:57:43 +0000 2018,A school resource officer initially recommended involuntarily committing the Florida school shooter over mental hea… https://t.co/fH7Jmsnr24,0.2732,0.193,0.807,0.0,71
271,@CNN,Mon Mar 19 23:47:02 +0000 2018,"RT @TheLeadCNN: The special counsel’s investigation is hardly a witch hunt. It has:
?? Yielded charges against 19 people and 3 companies, s…",-0.1548,0.108,0.72,0.172,72
272,@CNN,Mon Mar 19 23:46:06 +0000 2018,"""This is not their favorite topic."" -Sen. Sheldon Whitehouse on Republican lawmakers being forced to field question… https://t.co/7kKARERij9",-0.6684,0.0,0.745,0.255,73
273,@CNN,Mon Mar 19 23:35:47 +0000 2018,"It's winter's last day, and about 20M are in the path of severe storms as large hail and damaging winds hit parts o… https://t.co/kcv5meTlKL",-0.6808,0.046,0.745,0.209,74
274,@CNN,Mon Mar 19 23:23:40 +0000 2018,"The Cambridge Analytica scandal has done immense damage to the Facebook brand, sources across the company believe… https://t.co/k32dEHDbfS",-0.7269,0.0,0.724,0.276,75
275,@CNN,Mon Mar 19 23:21:23 +0000 2018,RT @TheLeadCNN: We're celebrating 5 years of #TheLead with @jaketapper! Thank you to all of our viewers for watching! ? https://t.co/3NmZOk…,0.7772,0.285,0.715,0.0,76
276,@CNN,Mon Mar 19 23:20:00 +0000 2018,"Trump lawyer Michael Cohen jokes about Stormy Daniels, saying he might take ""an extended vacation on her dime""; A l… https://t.co/pTf3j0iLUk",0.25,0.095,0.905,0.0,77
277,@CNN,Mon Mar 19 23:10:06 +0000 2018,"With just days before a potential shutdown, negotiations continue on a must-pass spending bill… https://t.co/qmINUShnrI",0.0,0.0,1.0,0.0,78
278,@CNN,Mon Mar 19 23:07:04 +0000 2018,"An anti-abortion, conservative Democrat fights for survival in the Illinois primary https://t.co/IsSkwVA69D https://t.co/3Nv9Gdt00P",-0.4019,0.0,0.816,0.184,79
279,@CNN,Mon Mar 19 23:01:07 +0000 2018,What you need to know about Facebook's data debacle https://t.co/ngPqheWSSq https://t.co/G7X2Inay7b,0.0,0.0,1.0,0.0,80
280,@CNN,Mon Mar 19 22:58:04 +0000 2018,The Supreme Court just gave Democrats a much better chance of retaking the House in 2018 | Analysis by @CillizzaCNN… https://t.co/ENTEP3LgMq,0.8176,0.347,0.653,0.0,81
281,@CNN,Mon Mar 19 22:53:04 +0000 2018,"Republicans are bluntly warning President Trump to lay off his attacks on special counsel Robert Mueller, but there… https://t.co/lBBpwb5d1E",-0.2023,0.086,0.744,0.17,82
282,@CNN,Mon Mar 19 22:45:47 +0000 2018,President Trump's lawyers recently provided the special counsel's office with documents in an attempt to limit the… https://t.co/hvD3zJposE,0.4019,0.137,0.863,0.0,83
283,@CNN,Mon Mar 19 22:43:20 +0000 2018,"Senator Warner says it was ""more than a little bit fishy"" that former FBI Deputy Director Andrew McCabe was fired 3… https://t.co/ZD7Fqa0RWu",-0.5574,0.0,0.847,0.153,84
284,@CNN,Mon Mar 19 22:40:07 +0000 2018,RT @CNNSitRoom: Facebook is under intense pressure to answer questions after it admitted that a company linked to President Trump's campaig…,-0.128,0.123,0.776,0.1,85
285,@CNN,Mon Mar 19 22:39:29 +0000 2018,Rep. Adam Schiff on Trump attacking special counsel Robert Mueller on Twitter: The President seems to be testing th… https://t.co/fkEcFAG4M8,-0.0772,0.114,0.759,0.127,86
286,@CNN,Mon Mar 19 22:35:27 +0000 2018,"RT @TheLeadCNN: ""What you have is like the ‘Survivor’ meets ‘The Apprentice’ meets ‘Game of Thrones.’ It is the most insane scenario ... th…",-0.1263,0.091,0.8,0.109,87
287,@CNN,Mon Mar 19 22:34:14 +0000 2018,"Sen. Jeanne Shaheen: If President Trump has nothing to hide, then he should be interested in seeing this investigat… https://t.co/CwcznrIfm2",0.497,0.19,0.81,0.0,88
288,@CNN,Mon Mar 19 22:32:12 +0000 2018,Sen. Jeanne Shaheen: I’ve been disappointed more Republican lawmakers aren’t speaking out to protect special counse… https://t.co/FQIXvLkvWF,0.296,0.237,0.625,0.138,89
289,@CNN,Mon Mar 19 22:29:39 +0000 2018,Sen. Jeanne Shaheen: I’ve been disappointed more Republican lawmakers aren’t speaking out to protect special counse… https://t.co/4XVMG61Kt0,0.296,0.237,0.625,0.138,90
290,@CNN,Mon Mar 19 22:27:31 +0000 2018,"""[Trump] has been extremely consistent. He hates this investigation,"" and ""he is scared of this investigation."" - T… https://t.co/DzZka7zHAD",-0.7239,0.0,0.725,0.275,91
291,@CNN,Mon Mar 19 22:18:00 +0000 2018,"RT @TheLeadCNN: Austin, Texas authorities say the 4th bomb that went off overnight is the most sophisticated yet https://t.co/uqdA06osou ht…",0.1761,0.155,0.717,0.128,92
292,@CNN,Mon Mar 19 22:16:07 +0000 2018,"US President Trump has yet to congratulate Russian President Vladimir Putin on his election, and a phone call betwe… https://t.co/WclI7Tljht",0.4939,0.151,0.849,0.0,93
293,@CNN,Mon Mar 19 22:11:33 +0000 2018,Uber has removed its self-driving cars from the road after a self-driving Uber SUV struck and killed a pedestrian i… https://t.co/gODSZocjLN,-0.7769,0.0,0.715,0.285,94
294,@CNN,Mon Mar 19 22:06:46 +0000 2018,"Authorities are speaking in Tempe, Arizona, about the self-driving Uber SUV that struck and killed a woman. Watch o… https://t.co/2WJR68WqSC",-0.7759,0.0,0.715,0.285,95
295,@CNN,Mon Mar 19 22:06:04 +0000 2018,At least four people have died following head-on crashes in Hyundai and Kia cars in which the airbags did not deplo… https://t.co/NYc6ZPBVDp,-0.8316,0.0,0.719,0.281,96
296,@CNN,Mon Mar 19 22:00:05 +0000 2018,"The Turpin siblings, allegedly tortured for years by their parents, are out of hospitals but still regularly in tou… https://t.co/KyDF93PMYn",-0.3182,0.0,0.892,0.108,97
297,@CNN,Mon Mar 19 21:57:24 +0000 2018,The Federal Reserve is all but certain to lift interest rates when Jerome Powell leads his first meeting as chairma… https://t.co/HIQRM5w4Bx,0.7684,0.259,0.741,0.0,98
298,@CNN,Mon Mar 19 21:56:26 +0000 2018,Opponents of abortion will come to the Supreme Court on Tuesday to challenge a California law they say is an uncons… https://t.co/3m0Rs9PvG4,0.5994,0.205,0.795,0.0,99
299,@CNN,Mon Mar 19 21:55:37 +0000 2018,Facebook sinks nearly 7% as the user data controversy sparks the company's worst day in four years.… https://t.co/uAmoZ6NeSv,-0.6249,0.0,0.806,0.194,100
300,@Fox,Tue Mar 20 05:15:04 +0000 2018,@butwhoiskat thank you!,0.4199,0.583,0.417,0.0,1
301,@Fox,Mon Mar 19 23:38:23 +0000 2018,"Here it goes. Last 8 months of constant work will happen within the next 3 days.

https://t.co/c48sQqdnXv",0.0,0.0,1.0,0.0,2
302,@Fox,Mon Mar 19 22:55:26 +0000 2018,"RT @cssconfau: Guess what?

Even if you aren’t here, you can watch all the talks LIVE! ?

Tune into the live stream here. #cssconfau18 

ht…",0.0,0.0,1.0,0.0,3
303,@Fox,Mon Mar 19 10:25:22 +0000 2018,"@amyngyn hahaha. I actually never been, but I’ve heard the bar is great. :)",0.9178,0.544,0.456,0.0,4
304,@Fox,Mon Mar 19 06:54:56 +0000 2018,@amyngyn Loui Bar?,0.0,0.0,1.0,0.0,5
305,@Fox,Mon Mar 19 00:57:53 +0000 2018,RT @LJKenward: Hey friends! ? Who's hiring Junior Devs at the moment? I have some awesome people from the @juniordev_io Community currently…,0.8172,0.294,0.706,0.0,6
306,@Fox,Mon Mar 19 00:08:00 +0000 2018,Don’t forget about the Community Social today! EVERYONE IS WELCOME (even if you don’t hold a CSSConf or JSConf tick… https://t.co/6c79TcKFCi,0.481,0.168,0.752,0.079,7
307,@Fox,Sun Mar 18 23:11:31 +0000 2018,Toxic tech industry creates a fake vision of what each of us (especially minorities) have to be and achieve to be ”… https://t.co/yfXZ5nxCJ7,0.0,0.156,0.725,0.118,8
308,@Fox,Sun Mar 18 21:53:04 +0000 2018,"@amyngyn I never introduce myself. The focus is on content, not myself. Also I don’t feel like I need to justify my cred. :)",0.6705,0.224,0.776,0.0,9
309,@Fox,Sun Mar 18 03:17:02 +0000 2018,Today I got kissed by a dingo. ????? https://t.co/FDQsVw2anl,0.3818,0.302,0.698,0.0,10
310,@Fox,Sat Mar 17 21:10:23 +0000 2018,"@Sareh88 Thank you, Sareh! That’s very kind. ??",0.7569,0.519,0.481,0.0,11
311,@Fox,Sat Mar 17 08:20:32 +0000 2018,@meelijane https://t.co/Y5wM3nCdsH in Northcote. I’ve tested many and this one is orders of magnitude better than everywhere else. :),0.7096,0.258,0.742,0.0,12
312,@Fox,Sat Mar 17 07:02:55 +0000 2018,One of many reasons why I love my yoga studio so much is how meditative the practice is and how all the instructors… https://t.co/VXfSqdo6bk,0.765,0.239,0.761,0.0,13
313,@Fox,Sat Mar 17 06:59:15 +0000 2018,"@IvanaMcConnell I can only help ruin your bank account further, sorry. ?",-0.34,0.182,0.473,0.345,14
314,@Fox,Sat Mar 17 06:58:49 +0000 2018,"RT @slamup: people love to say

     no child is born 
     with hate in their heart

which is all very
romantic

but from the moment
a bla…",0.1646,0.156,0.711,0.134,15
315,@Fox,Sat Mar 17 04:44:27 +0000 2018,"@evanderkoogh Nope, we are at full capacity of the venue. :)",0.4588,0.231,0.769,0.0,16
316,@Fox,Sat Mar 17 04:43:03 +0000 2018,"RT @cssconfau: Come and celebrate with us at pre CSSConf and JSConf AU community social!

? Monday, March 19, 6pm onwards
?Stomping Ground…",0.6114,0.16,0.84,0.0,17
317,@Fox,Sat Mar 17 03:16:57 +0000 2018,"@noahmp Heh, dang :) worth asking nonetheless.",0.5106,0.467,0.381,0.152,18
318,@Fox,Sat Mar 17 03:10:32 +0000 2018,@noahmp ?? is this a SF-based role?,0.0,0.0,1.0,0.0,19
319,@Fox,Fri Mar 16 23:36:37 +0000 2018,RT @mbrockenbrough: Here's a point worth making every so often. The patriarchy isn't men. It's a system that prefers them. Wanting to disma…,0.2263,0.087,0.913,0.0,20
320,@Fox,Fri Mar 16 23:36:24 +0000 2018,@madalynrose Thank you so much ?? looking forward to meeting you! ?,0.4199,0.218,0.782,0.0,21
321,@Fox,Fri Mar 16 23:27:46 +0000 2018,"@andymcmillan Thanks, Andy! You are an inspiration for me too! ?",0.7835,0.463,0.537,0.0,22
322,@Fox,Fri Mar 16 23:27:14 +0000 2018,@evanderkoogh Hey Erwin! Thanks so much. We can chat during the events. :),0.7345,0.36,0.64,0.0,23
323,@Fox,Fri Mar 16 23:11:30 +0000 2018,I don’t know what or who I’m most disappointed with to allow community work put my career in the background (again)… https://t.co/khOCa8rLHV,-0.3597,0.078,0.782,0.14,24
324,@Fox,Fri Mar 16 23:09:07 +0000 2018,This time was supposed to be split between the conference and product work that would set me up for looking for a j… https://t.co/mOoFPPnV5w,0.0,0.0,1.0,0.0,25
325,@Fox,Fri Mar 16 23:07:25 +0000 2018,"Over the last 6+ months, I’ve sacrificed all the time I had to run CSSConf and JSConf AU. I’ve set the highest stan… https://t.co/QRvns2lJs8",0.0,0.0,1.0,0.0,26
326,@Fox,Fri Mar 16 23:00:59 +0000 2018,"RT @katebevan: LAYDEEZ!!!! Worried that VPNs are too hard for your fluffy ladybrain??? Never fear, a fuckwitted BroCo called @keepsafe is h…",-0.818,0.0,0.679,0.321,27
327,@Fox,Fri Mar 16 22:40:18 +0000 2018,@sarah_edo thank you! ?,0.4199,0.583,0.417,0.0,28
328,@Fox,Fri Mar 16 20:34:54 +0000 2018,I can’t wait to come back to lovey Portland and see what wonderful thing @andymcmillan and @waxpancake are preparin… https://t.co/3rfz3ShOEU,0.5719,0.171,0.829,0.0,29
329,@Fox,Fri Mar 16 04:01:44 +0000 2018,@jennwrites thank you! I miss you too ???,0.2942,0.297,0.532,0.17,30
330,@Fox,Fri Mar 16 01:52:07 +0000 2018,"To the young woman wearing a “the future is female” tee:

The
Future
Is
Intersectional",0.0,0.0,1.0,0.0,31
331,@Fox,Fri Mar 16 01:33:25 +0000 2018,"Cannot agree with this more. I constantly get asked for free diversity, inclusion, community or general workplace a… https://t.co/M9hOz6A980",0.7003,0.266,0.734,0.0,32
332,@Fox,Fri Mar 16 00:36:14 +0000 2018,"@pat @coryannj @kckal Oh, I have not seen it. Will register. ??",0.0,0.0,1.0,0.0,33
333,@Fox,Thu Mar 15 23:44:49 +0000 2018,Four days to go. https://t.co/RYxiCmMEFp,0.0,0.0,1.0,0.0,34
334,@Fox,Thu Mar 15 22:04:46 +0000 2018,"Ellen already had a lasting impact on diversity and inclusion spanning beyond the tech industry. 

I can’t wait to… https://t.co/1QFSP6DHyQ",0.0,0.0,1.0,0.0,35
335,@Fox,Thu Mar 15 22:03:16 +0000 2018,@jordwalsh ?? interesting! Would you be able to email me more details? hi at https://t.co/vah0lKcYeo. ?,0.4574,0.176,0.824,0.0,36
336,@Fox,Thu Mar 15 21:51:34 +0000 2018,My last two weeks were spent in email. Conference organiser life. https://t.co/h5hlszzyjv,0.0,0.0,1.0,0.0,37
337,@Fox,Thu Mar 15 02:58:59 +0000 2018,This video with Jeff Goldblum is everything. https://t.co/vo5HSwuOUP,0.0,0.0,1.0,0.0,38
338,@Fox,Thu Mar 15 00:17:24 +0000 2018,"Accepting talk proposals for conferences on a rolling basis: no no no no.

First come first serve doesn’t work for inclusion.",-0.6369,0.098,0.568,0.333,39
339,@Fox,Thu Mar 15 00:05:26 +0000 2018,"If you are in Melbourne on Monday, March 19, we’re opening @cssconfau, @jsconfau and @decompressau with a Community… https://t.co/OyPVisZXYn",0.0,0.0,1.0,0.0,40
340,@Fox,Wed Mar 14 22:35:40 +0000 2018,Australia is racist as hell. https://t.co/EIRFzejhsi,-0.8625,0.0,0.317,0.683,41
341,@Fox,Wed Mar 14 22:08:53 +0000 2018,"RT @sarahmei: ? PSA: when you're building a diverse team, you're looking for culture _add_, not culture _fit_. Hire people who bring a pers…",0.0,0.0,1.0,0.0,42
342,@Fox,Wed Mar 14 21:32:48 +0000 2018,RT @piamancini: ok I need help. I really really want to hire a kickass developer who also happens to be a woman (backend pref.) What are th…,0.6976,0.253,0.747,0.0,43
343,@Fox,Wed Mar 14 21:32:37 +0000 2018,"@piamancini Hey Pia! Thanks for reaching out ?? Unfortunately, software engineering isn’t my background; I’m a FE d… https://t.co/1IEwNKyc9q",0.3802,0.223,0.67,0.107,44
344,@Fox,Wed Mar 14 09:43:21 +0000 2018,"RT @EricaJoy: ? PSA: There are no ""diverse"" applicants
People aren't diverse, teams are
You're not hiring a diverse person, you're building…",-0.296,0.0,0.896,0.104,45
345,@Fox,Wed Mar 14 00:14:03 +0000 2018,"RT @SashaLaundy: What I keep telling myself this week: 
?? In work, a new thing I don't know how to do means progress. 
?? In the gym, a ha…",0.4215,0.104,0.896,0.0,46
346,@Fox,Tue Mar 13 21:56:19 +0000 2018,"No underrepresented groups want to thrive and partake in exclusionary platform StackOverflow is.

Tweet your hot ta… https://t.co/xfKjCfUtwJ",-0.2263,0.067,0.821,0.113,47
347,@Fox,Tue Mar 13 21:53:43 +0000 2018,@erikalleigh I just block them. ?,-0.4404,0.0,0.508,0.492,48
348,@Fox,Tue Mar 13 21:47:56 +0000 2018,"@jaffathecake Jake, I really admire your ability to try to have a serious conversation with inclusion deniers and mansplainers. ?",0.5509,0.266,0.581,0.152,49
349,@Fox,Tue Mar 13 21:40:02 +0000 2018,@modernserf and thongs! I cannot grasp the diversity,0.0,0.0,1.0,0.0,50
350,@Fox,Tue Mar 13 21:38:42 +0000 2018,"@heydonworks Ohhh, this tweet so gold",0.0,0.0,1.0,0.0,51
351,@Fox,Tue Mar 13 11:32:51 +0000 2018,RT @vaurorapub: For women in tech who need a break from talking about women in tech sometimes: here are some of the ways I get out of doing…,0.0,0.0,1.0,0.0,52
352,@Fox,Tue Mar 13 08:57:37 +0000 2018,Do I know anyone working at @zapier?,0.0,0.0,1.0,0.0,53
353,@Fox,Tue Mar 13 08:39:15 +0000 2018,"Thank heavens for my career hotline with a few great women in tech.

Sadly, we all share the same thoughts about th… https://t.co/KTzemdT7OG",0.8271,0.367,0.543,0.089,54
354,@Fox,Tue Mar 13 07:56:31 +0000 2018,I must say I’m pretty speechless. https://t.co/s4lvmWyE23,0.4939,0.39,0.61,0.0,55
355,@Fox,Tue Mar 13 05:51:06 +0000 2018,"The tech industry, saving humanity from disease, poverty and injustice. https://t.co/wkmxj8c4Wy",-0.7906,0.0,0.562,0.438,56
356,@Fox,Tue Mar 13 05:31:56 +0000 2018,I’m running a 4-day conference next week aka I have been listening to bird sounds on @noisli for the last eight hours.,0.0,0.0,1.0,0.0,57
357,@Fox,Tue Mar 13 05:27:16 +0000 2018,"PREACH @adblanche! 

White women have a lot of homework to do. 

https://t.co/PWeBC6MsXG",0.0,0.0,1.0,0.0,58
358,@Fox,Tue Mar 13 04:05:17 +0000 2018,"@brianleroux Brian, we both know that best talent lives in SF and NYC. there is no tech outside of those two regions.",0.7003,0.248,0.674,0.078,59
359,@Fox,Tue Mar 13 02:01:01 +0000 2018,@coryannj I love how the tech industry is cocky enough to believe they’re the solution to all humanity problems,0.5106,0.263,0.567,0.17,60
360,@Fox,Tue Mar 13 01:55:02 +0000 2018,"”Willing to relocate to San Francisco”. 

We can’t have inclusive technology if jobs are constrained to cities whic… https://t.co/NCFLDermIF",-0.1027,0.0,0.928,0.072,61
361,@Fox,Tue Mar 13 00:14:42 +0000 2018,?? I have a bit of availability for diversity and inclusion consulting during April and May. I can help run inclusi… https://t.co/t4sbNrXUDV,0.4019,0.13,0.87,0.0,62
362,@Fox,Mon Mar 12 08:45:39 +0000 2018,RT @pangopup: 'Why sexism over how women look harms their leadership chances' https://t.co/v1YyNfpz3Z,-0.34,0.113,0.688,0.2,63
363,@Fox,Mon Mar 12 06:59:39 +0000 2018,"RT @WBJenna: Have you heard about the @PineappleMedia Fellowship for Underrepresented Voices in Podcasting?

-A full-time, producer-in-resi…",0.0,0.0,1.0,0.0,64
364,@Fox,Mon Mar 12 05:17:18 +0000 2018,@coryannj Have you read Lean Out? Pretty much sums up most of my concerns with the approach. So flawed. I have a co… https://t.co/fpihGPPNkb,0.4939,0.132,0.868,0.0,65
365,@Fox,Mon Mar 12 05:01:46 +0000 2018,"To be honest, all I want is a @sailorhg clothing line. https://t.co/iobZVLnosX",0.5574,0.365,0.635,0.0,66
366,@Fox,Sun Mar 11 23:45:08 +0000 2018,"RT @incantatricks: Society expects women to be everything and want nothing.

We have to be masters at self-improvement, conversation, emoti…",0.0772,0.064,0.936,0.0,67
367,@Fox,Sun Mar 11 23:10:30 +0000 2018,"RT @ChloeCondon: Hey ladies, come work in tech. We have no bathroom lines ?????? https://t.co/01stO97NKd",-0.296,0.0,0.864,0.136,68
368,@Fox,Sun Mar 11 06:15:00 +0000 2018,"Friends: excited for the long weekend!
Me: https://t.co/vPjwIGbbM4",0.6996,0.491,0.509,0.0,69
369,@Fox,Sat Mar 10 08:34:51 +0000 2018,RT @lrnrd: THIS THREAD ?????? https://t.co/vhfH4ETTC0,0.0,0.0,1.0,0.0,70
370,@Fox,Sat Mar 10 06:41:48 +0000 2018,"RT @ChloeCondon: Booth recruiter ?: ...and we really value diversity!

Me ??: Do you have any women's sized shirts?

?: Unfortunately no, t…",-0.2957,0.098,0.725,0.177,71
371,@Fox,Fri Mar 09 06:19:04 +0000 2018,Amazing hosts for upcoming @CSSconfeu ? https://t.co/pmtGtflroP,0.5859,0.432,0.568,0.0,72
372,@Fox,Fri Mar 09 06:01:38 +0000 2018,Still wondering what companies that have less than 10% women (let alone POC) across the entire organisation (not on… https://t.co/yIyuV9WkMS,-0.25,0.0,0.905,0.095,73
373,@Fox,Fri Mar 09 02:43:33 +0000 2018,"Women’s Day isn’t an arbitrary date. 

It should be an ongoing celebration, empowerment and inclusion of all women… https://t.co/5EJ63WQXL6",0.0,0.0,1.0,0.0,74
374,@Fox,Fri Mar 09 02:39:36 +0000 2018,"RT @butwhoiskat: I’ll be speaking (for the first time) next Thursday, at WDYK, on the ethics of design.

Wanna come support me?

https://t.…",0.4019,0.109,0.891,0.0,75
375,@Fox,Fri Mar 09 02:25:31 +0000 2018,"@Double_Days Hey! Unfortunately, that’s not me :)",-0.6336,0.0,0.492,0.508,76
376,@Fox,Fri Mar 09 01:16:08 +0000 2018,RT @void_daddy_: the future isnt female. the future is nonbinary it's genderfluid it's queer and it's trans it's natives rising up against…,0.0,0.0,1.0,0.0,77
377,@Fox,Fri Mar 09 01:15:52 +0000 2018,"RT @soniagupta504: I'm starting to really understand the importance of psychological safety on developer teams. 

With it, you have a team…",0.6771,0.236,0.764,0.0,78
378,@Fox,Fri Mar 09 00:59:44 +0000 2018,"RT @vboykis: Somewhere in the multiverse, this HN exists. https://t.co/bdk0sZeucF",0.0,0.0,1.0,0.0,79
379,@Fox,Fri Mar 09 00:06:04 +0000 2018,"@ohhoe blocked because the truth was too stingy, the follow up james damore story",-0.34,0.128,0.611,0.261,80
380,@Fox,Fri Mar 09 00:05:05 +0000 2018,RT @triketora: such a useful resource for founders to be able to find the anti-harassment policies and points of contact for the vc firms t…,0.4404,0.112,0.888,0.0,81
381,@Fox,Thu Mar 08 23:42:03 +0000 2018,Hi friends! I’m looking for new opportunities to put my multidisciplinary skills to good use within a diverse organ… https://t.co/Chl7QaEgSe,0.8356,0.357,0.643,0.0,82
382,@Fox,Thu Mar 08 23:08:31 +0000 2018,@ANZ_AU You can email me at hi@thefox.is.,0.0,0.0,1.0,0.0,83
383,@Fox,Thu Mar 08 22:20:51 +0000 2018,"@Mandy_Kerr Back at you, Mandy! You’re amazing! ?",0.658,0.422,0.578,0.0,84
384,@Fox,Thu Mar 08 22:20:32 +0000 2018,@happycrappie thank you!,0.4199,0.583,0.417,0.0,85
385,@Fox,Thu Mar 08 21:27:38 +0000 2018,"RT @shailjapatel: Read women.
Cite women.
Credit women.

Teach women.
Publish women.
Present women.

Acknowledge women.
Award women.
Amplif…",0.7269,0.264,0.736,0.0,86
386,@Fox,Thu Mar 08 21:26:51 +0000 2018,"RT @EricaJoy: Men! Celebrate #InternationalWomensDay by taking direct action:
? Tell the women you work with how much you get paid.
? If yo…",0.6114,0.16,0.84,0.0,87
387,@Fox,Thu Mar 08 08:57:37 +0000 2018,Another release of @jsconfeu tickets is happening in a few minutes and you don’t want to miss out. https://t.co/MX1CYi6kiK,-0.0772,0.069,0.847,0.085,88
388,@Fox,Thu Mar 08 08:32:47 +0000 2018,"Everything about this—”the absence of no is not consent.”

https://t.co/58usW9cFxH",-0.296,0.0,0.804,0.196,89
389,@Fox,Thu Mar 08 07:42:40 +0000 2018,"Don’t try to shame me for your lack of professionalism and overconfident behaviour. 

Tl:dr; don’t work for @ANZ_AU.",-0.6597,0.0,0.748,0.252,90
390,@Fox,Thu Mar 08 07:39:19 +0000 2018,"I told her how offensive and exclusionary those things were. Her reply:

”I'm disappointed with your interpretation… https://t.co/diQiVBdLF0",-0.7269,0.0,0.711,0.289,91
391,@Fox,Thu Mar 08 07:23:41 +0000 2018,I got emailed by someone at @ANZ_AU who not only insinuated that I’m after ”fancy titles” after I said I want to dr… https://t.co/kpCyQY3i1z,0.0772,0.061,0.939,0.0,92
392,@Fox,Thu Mar 08 02:54:19 +0000 2018,"@theroyals hey, thanks but that doesn’t sound like me, and I find a bunch of the language on your site problematic.",0.09,0.208,0.639,0.154,93
393,@Fox,Thu Mar 08 02:52:30 +0000 2018,"I think I’m going to collect “the best” team pages and toxic statements I see when looking for a new role. Already seen so many.

?",0.0,0.0,1.0,0.0,94
394,@Fox,Thu Mar 08 02:50:10 +0000 2018,"@Catharz Thanks! I’ve interviewed in the past, but unfortunately, it didn’t fulfil my requirements on diversity and inclusion.",-0.3489,0.091,0.75,0.159,95
395,@Fox,Thu Mar 08 02:46:52 +0000 2018,"@s_mcleod ?? thanks! unfortunately, I think I’m mostly looking to steer away from traditional front-end roles to so… https://t.co/VJ18W89w3A",0.2003,0.148,0.741,0.111,96
396,@Fox,Thu Mar 08 02:38:56 +0000 2018,@stephenbelanger ?? Elastic has been recommended to me several times now. I would be keen to chat to someone. Would… https://t.co/YOKEU5HWVf,0.5106,0.193,0.807,0.0,97
397,@Fox,Thu Mar 08 02:30:05 +0000 2018,"@mikerapp haha, please feel free to. I was inspired by wonderful @lrnrd :)",0.9552,0.755,0.245,0.0,98
398,@Fox,Thu Mar 08 02:29:38 +0000 2018,"@d2kagw @camplexer ??  sure! would you be able to drop a line at hi@thefox.is with more details, please?",0.4714,0.243,0.658,0.099,99
399,@Fox,Thu Mar 08 02:27:14 +0000 2018,"@breskeby hey, thanks! unfortunately, I don’t want to pursue the path of a front/JS developer so it wouldn’t be a good fit :)",0.8588,0.44,0.478,0.082,100
400,@nytimes,Tue Mar 20 09:30:14 +0000 2018,"The Weinstein Company said it released anyone ""who suffered or witnessed any form of sexual misconduct by Harvey We… https://t.co/nHS3fvgzBX",-0.4939,0.0,0.856,0.144,1
401,@nytimes,Tue Mar 20 09:15:06 +0000 2018,British and EU negotiators agreed on the terms of a 21-month Brexit transition https://t.co/VMU82Vx0X2,0.2732,0.149,0.851,0.0,2
402,@nytimes,Tue Mar 20 09:00:18 +0000 2018,A Facebook executive who urged transparency on Russian disinformation is said to be leaving after clashing with oth… https://t.co/YIe5Pp6zb7,0.0,0.0,1.0,0.0,3
403,@nytimes,Tue Mar 20 08:45:06 +0000 2018,5 important takeaways from China's National People's Congress https://t.co/ktm54IYt4R,0.2023,0.205,0.795,0.0,4
404,@nytimes,Tue Mar 20 08:30:12 +0000 2018,Videos appear to show individuals casting multiple ballots during Russia's election  https://t.co/CHuJr7GdJ5,0.0,0.0,1.0,0.0,5
405,@nytimes,Tue Mar 20 08:15:04 +0000 2018,Britain's government has raised the possibility that it might consider seizing the assets of wealthy Russians like… https://t.co/eoMrHLRvCZ,0.4939,0.208,0.792,0.0,6
406,@nytimes,Tue Mar 20 08:02:02 +0000 2018,"A U.S. soldier in Niger warned that his unit was ill equipped for a raid on a militant. They were sent anyway, and… https://t.co/c4JMwYfTZf",-0.5994,0.0,0.795,0.205,7
407,@nytimes,Tue Mar 20 07:47:03 +0000 2018,RT @nytimesworld: The kidnapping of 110 girls by Boko Haram has left anguished parents asking how such a kidnapping could happen again http…,-0.4215,0.0,0.882,0.118,8
408,@nytimes,Tue Mar 20 07:32:03 +0000 2018,"“Send some girls around to the candidate’s house.”

As part of a monthslong investigation into Cambridge Analytica,… https://t.co/yArOs3bQmM",0.0,0.0,1.0,0.0,9
409,@nytimes,Tue Mar 20 07:17:04 +0000 2018,"RT @ScottShaneNYT: Covering Facebook is a bit like covering the government now, in scale and significance. And @nicoleperlroth @sheeraf can…",0.5574,0.213,0.787,0.0,10
410,@nytimes,Tue Mar 20 07:07:42 +0000 2018,How to Enjoy Fine Dining on a Fast Food Budget https://t.co/Zvv75ozqhq,0.6124,0.385,0.615,0.0,11
411,@nytimes,Tue Mar 20 07:02:05 +0000 2018,"The Australian comic Hannah Gadsby calls out Louis C.K., Harvey Weinstein and Bill Clinton, but her real target is… https://t.co/VlFMTsQZti",0.0,0.0,1.0,0.0,12
412,@nytimes,Tue Mar 20 06:33:04 +0000 2018,RT @nytimesworld: President Bashar al-Assad of Syria took a tour of the eastern Ghouta suburb of Damascus after a government military offen…,0.0,0.0,1.0,0.0,13
413,@nytimes,Tue Mar 20 06:18:45 +0000 2018,Can Wikipedia bear the burden of fact-checking YouTube videos? https://t.co/6vZsPdX5z0,-0.4404,0.0,0.756,0.244,14
414,@nytimes,Tue Mar 20 06:02:03 +0000 2018,The shopping gems in Belfast's lively city center are the independently owned establishments https://t.co/AwXscJyNqA,0.4404,0.182,0.818,0.0,15
415,@nytimes,Tue Mar 20 05:32:05 +0000 2018,"RT @UpshotNYT: New research shows that even black boys who grow up wealthy are more likely to wind up poor than to stay rich.
https://t.co/…",0.4588,0.196,0.705,0.099,16
416,@nytimes,Tue Mar 20 05:02:04 +0000 2018,"Facebook’s chief information security officer, Alex Stamos, is said to have had internal disagreements over how the… https://t.co/bxcrB2UI4o",-0.1027,0.113,0.755,0.132,17
417,@nytimes,Tue Mar 20 04:47:04 +0000 2018,RT @kimseverson: Stuffed ham is a dying art. Or maybe not. Come read about my journey to the land of stuffed ham and decide. https://t.co/9…,0.0,0.0,1.0,0.0,18
418,@nytimes,Tue Mar 20 04:32:06 +0000 2018,Facebook’s open platform for third-party apps helped it grow into a juggernaut. But it’s become a privacy nightmare. https://t.co/HUEJOTDUCF,0.0,0.0,1.0,0.0,19
419,@nytimes,Tue Mar 20 04:17:05 +0000 2018,RT @marclacey: Can you believe it’s been six months since Harvey flooded Houston? Here’s a powerful look by @nytvideo at one neighborhood t…,0.4215,0.118,0.882,0.0,20
420,@nytimes,Tue Mar 20 04:02:02 +0000 2018,"As President Trump openly discussed firing one of his lawyers, another considered resigning and a third — who pushe… https://t.co/t6nEelnV6l",-0.5106,0.0,0.788,0.212,21
421,@nytimes,Tue Mar 20 03:47:01 +0000 2018,Mississippi has imposed a ban on abortions after 15 weeks. The state's only abortion clinic immediately sued to blo… https://t.co/KqLmc4NspZ,-0.5994,0.0,0.776,0.224,22
422,@nytimes,Tue Mar 20 03:32:03 +0000 2018,RT @kevinroose: New by me: Facebook’s open platform for third-party apps helped it grow into a juggernaut. But it’s become a privacy nightm…,0.0,0.0,1.0,0.0,23
423,@nytimes,Tue Mar 20 03:17:06 +0000 2018,4 easy ways to cut down your sugar intake https://t.co/rRf9xm6WHS,0.2023,0.242,0.583,0.175,24
424,@nytimes,Tue Mar 20 03:02:05 +0000 2018,RT @nytmike: Dowd wants to quit. Trump’s talking about firing Cobb. Another lawyer — who says FBI made up evidence against Trump — was hire…,-0.34,0.0,0.902,0.098,25
425,@nytimes,Tue Mar 20 02:47:07 +0000 2018,"The brother of Nikolas Cruz was charged with trespassing at Marjory Stoneman Douglas High School on Monday, the aut… https://t.co/h0o2gTJ7HO",-0.2023,0.0,0.913,0.087,26
426,@nytimes,Tue Mar 20 02:32:04 +0000 2018,"Audit your Facebook apps, audit your Facebook privacy settings, and 5 other tips for protecting your data on Facebo… https://t.co/t87b7WJjZH",0.0,0.0,1.0,0.0,27
427,@nytimes,Tue Mar 20 02:17:06 +0000 2018,"Claire’s, the teen jewelry chain known for its ear-piercing services, filed for Chapter 11 bankruptcy protection https://t.co/mn4hvSQjkf",0.0,0.0,1.0,0.0,28
428,@nytimes,Tue Mar 20 02:02:02 +0000 2018,The Supreme Court rejected an emergency request from Pennsylvania Republicans to block new congressional voting dis… https://t.co/DeLYEPkfdu,-0.6369,0.142,0.512,0.346,29
429,@nytimes,Tue Mar 20 01:47:04 +0000 2018,RT @sheeraf: To be clear: We spoke to seven current and former Facebook employees for this story on how internal disputes over FB's role in…,0.128,0.094,0.83,0.076,30
430,@nytimes,Tue Mar 20 01:32:03 +0000 2018,"A U.S. soldier in Niger warned that his unit was ill equipped for a raid on a militant. They were sent anyway, and… https://t.co/0U7C8aSiyP",-0.5994,0.0,0.795,0.205,31
431,@nytimes,Tue Mar 20 01:17:03 +0000 2018,Evening Briefing: Here's what you need to know at the end of the day https://t.co/HYYSMwnO4R,0.0,0.0,1.0,0.0,32
432,@nytimes,Tue Mar 20 01:00:19 +0000 2018,"After we published an article on tipping and the power imbalance it creates between customers and servers, readers… https://t.co/LJx3uSo2dF",0.2732,0.104,0.896,0.0,33
433,@nytimes,Tue Mar 20 00:48:11 +0000 2018,"RT @sheeraf: Full story now up. Alex Stamos is the first Facebook executive to leave the company, amid growing internal tensions over disin…",-0.296,0.066,0.781,0.152,34
434,@nytimes,Tue Mar 20 00:32:02 +0000 2018,"At a conference on whale biology in 1971, a female attendee was photographed but not identified. Last week, a team… https://t.co/BfdgD7NSnJ",0.0,0.0,1.0,0.0,35
435,@nytimes,Tue Mar 20 00:17:03 +0000 2018,"RT @nytopinion: Despite Facebook’s claims, everyone involved in the Cambridge Analytica data-siphoning incident did not give his or her “co…",0.0,0.0,1.0,0.0,36
436,@nytimes,Tue Mar 20 00:02:05 +0000 2018,Mary Outerbridge set up a tennis court in Staten Island in her 20s. It may have been the first in the U.S. https://t.co/MrVl8V3Mll,0.0,0.0,1.0,0.0,37
437,@nytimes,Mon Mar 19 23:32:03 +0000 2018,New York City’s subway hit a new low in January: Just 58.1% of weekday trains arrived on time. The MTA blamed bad w… https://t.co/AjE2LhnBWu,-0.8271,0.0,0.697,0.303,38
438,@nytimes,Mon Mar 19 23:17:05 +0000 2018,"RT @KevinQ: The worst places for poor white children are almost all better than the best places for poor black children.

https://t.co/EPZt…",-0.539,0.2,0.498,0.302,39
439,@nytimes,Mon Mar 19 23:02:04 +0000 2018,Evening Briefing: Here's what you need to know at the end of the day https://t.co/tQvejB0Xpm,0.0,0.0,1.0,0.0,40
440,@nytimes,Mon Mar 19 22:44:07 +0000 2018,RT @nicoleperlroth: NEW: Facebook's security officer @alexstamos is leaving the company amid disagreements with Facebook execs over how to…,-0.1027,0.108,0.766,0.126,41
441,@nytimes,Mon Mar 19 22:34:00 +0000 2018,Alex Stamos is said to be leaving Facebook after internal disagreements over how the social network should deal wit… https://t.co/2tbsL4WojM,-0.4215,0.0,0.872,0.128,42
442,@nytimes,Mon Mar 19 22:24:55 +0000 2018,Breaking News: A Facebook executive who urged transparency on Russian disinformation is said to be leaving after cl… https://t.co/iFVb6BY6j7,0.0,0.0,1.0,0.0,43
443,@nytimes,Mon Mar 19 22:17:03 +0000 2018,"RT @UpshotNYT: The Supreme Court today refused to Intervene in the Pa. redistricting case. That means these districts are holding up, and D…",0.34,0.134,0.784,0.082,44
444,@nytimes,Mon Mar 19 22:02:07 +0000 2018,Photographers find new ways to frame the natural world https://t.co/dSKQ3jE90n https://t.co/2oMSS8Vyi9,0.3612,0.2,0.8,0.0,45
445,@nytimes,Mon Mar 19 21:47:01 +0000 2018,"RT @julieturkewitz: Tweeting some of the reaction to our story today: ""I have long thought the absence of Native Americans from any form of…",0.0,0.0,1.0,0.0,46
446,@nytimes,Mon Mar 19 21:32:07 +0000 2018,"Al Pacino and Michelle Pfeiffer will reunite for a 35th anniversary screening of ""Scarface"" at the Tribeca Film Fes… https://t.co/CHjotO0oT8",0.0,0.0,1.0,0.0,47
447,@nytimes,Mon Mar 19 21:20:10 +0000 2018,"“Send some girls around to the candidate’s house.”

As part of a monthslong investigation into Cambridge Analytica,… https://t.co/YP7xSJ59Gx",0.0,0.0,1.0,0.0,48
448,@nytimes,Mon Mar 19 21:10:05 +0000 2018,RT @readercenter: A @nytimes article published today on race and the income gap led to a big discussion among our readers. Submit a questio…,0.0,0.0,1.0,0.0,49
449,@nytimes,Mon Mar 19 21:00:21 +0000 2018,"Catharine MacKinnon: ""People have asked me for 40 years how not to get sued for sexual harassment. Well, a good fir… https://t.co/aiuh7NXSzK",0.128,0.189,0.679,0.132,50
450,@nytimes,Mon Mar 19 20:50:06 +0000 2018,"Justin Verlander brought value to the Astros last season, when he joined in a trade and helped them win the World S… https://t.co/8yl93W3HoA",0.7351,0.237,0.763,0.0,51
451,@nytimes,Mon Mar 19 20:40:10 +0000 2018,“Everyone in Austin is in the process of trying to figure out exactly how nervous to be. Are these bombings targete… https://t.co/5Pg0Ep4PRR,-0.2732,0.0,0.909,0.091,52
452,@nytimes,Mon Mar 19 20:33:00 +0000 2018,Read our report on how servers and bartenders weigh harassing behavior from customers against the tips they need to… https://t.co/N9dFagqWIa,-0.5423,0.0,0.844,0.156,53
453,@nytimes,Mon Mar 19 20:30:18 +0000 2018,"Our report on the sexual harassment endured by restaurant servers drew 1,200 responses from readers: on money, powe… https://t.co/VnCiSwIYgy",-0.5423,0.0,0.837,0.163,54
454,@nytimes,Mon Mar 19 20:20:07 +0000 2018,RT @nytimestravel: Do you see Wakanda as a series of magical neighborhoods floating in midair? Would the magnetic levitation subway in trav…,0.0,0.0,1.0,0.0,55
455,@nytimes,Mon Mar 19 20:17:56 +0000 2018,"“Send some girls around to the candidate’s house”: As part of a monthslong investigation into Cambridge Analytica,… https://t.co/FMEWKpKCUa",0.0,0.0,1.0,0.0,56
456,@nytimes,Mon Mar 19 20:14:53 +0000 2018,"However, the firm’s employees, who often overlap, had contact in 2014 and 2015 with executives from Lukoil, the Rus… https://t.co/8Q90TwYuIH",0.0,0.0,1.0,0.0,57
457,@nytimes,Mon Mar 19 20:13:08 +0000 2018,"Alexander Nix, a director of SCL Group, a British political and defense contractor, and chief executive of its Amer… https://t.co/CZMF8buD3n",0.128,0.081,0.919,0.0,58
458,@nytimes,Mon Mar 19 20:10:11 +0000 2018,Facebook is defending its protection of user information after Cambridge Analytica harvested private information fr… https://t.co/ynmgpzkUa8,0.0,0.0,1.0,0.0,59
459,@nytimes,Mon Mar 19 20:06:00 +0000 2018,"Christopher Wylie, who oversaw Cambridge’s data collection until 2014, said of his former company, “For them, this… https://t.co/lGYdQTfkLz",0.0,0.0,1.0,0.0,60
460,@nytimes,Mon Mar 19 20:04:05 +0000 2018,"The New York Times and The Observer of London reported how Cambridge Analytica, a political data firm closely tied… https://t.co/iu6g0OHg5T",0.0,0.0,1.0,0.0,61
461,@nytimes,Mon Mar 19 20:00:20 +0000 2018,Here’s what you need to know about how a political data firm tied to President Trump’s campaign gained access to pr… https://t.co/zvnAIgGXbv,0.3818,0.115,0.885,0.0,62
462,@nytimes,Mon Mar 19 19:50:06 +0000 2018,"""Nipped waists have long represented femininity,"" @AlexanderFury writes. ""What does it say about the contemporary m… https://t.co/30rkCxLYYD",0.0,0.0,1.0,0.0,63
463,@nytimes,Mon Mar 19 19:40:08 +0000 2018,"RT @NYTmag: These are chicks of the endangered Akikiki bird, a small bird native to the forests of Kauai, Hawaii. https://t.co/Wx1KGuzIk7 h…",0.0,0.0,1.0,0.0,64
464,@nytimes,Mon Mar 19 19:30:06 +0000 2018,"The Australian comic Hannah Gadsby calls out Louis C.K., Harvey Weinstein and Bill Clinton, but her real target is… https://t.co/9lsfWqknha",0.0,0.0,1.0,0.0,65
465,@nytimes,Mon Mar 19 19:20:09 +0000 2018,"The fourth bombing in Austin demonstrated a higher level of sophistication than the previous 3, as well as a “signi… https://t.co/uLMo7jGk5b",0.2732,0.104,0.896,0.0,66
466,@nytimes,Mon Mar 19 19:02:38 +0000 2018,This video is the first piece in a series about these residents. Their stories offer a look at how people are confr… https://t.co/NLB5u8MLra,0.0,0.0,1.0,0.0,67
467,@nytimes,Mon Mar 19 19:01:46 +0000 2018,"In the 6 months since Harvey, The New York Times followed several families in the Cinco Ranch community as they str… https://t.co/naAH2tvhPx",0.0,0.0,1.0,0.0,68
468,@nytimes,Mon Mar 19 19:00:57 +0000 2018,The homes in Cinco Ranch sat on land that had been designed to flood — a fact that wasn’t widely publicized when a… https://t.co/qAwdPWE5WV,0.0,0.0,1.0,0.0,69
469,@nytimes,Mon Mar 19 19:00:10 +0000 2018,"After Hurricane Harvey swamped Houston, some residents of one suburban area were shocked to learn that the flooding… https://t.co/QYRyJRcO7D",-0.3182,0.0,0.887,0.113,70
470,@nytimes,Mon Mar 19 18:50:06 +0000 2018,"RT @tiffkhsu: Claire's, where I and all of my friends and all of their friends got ears pierced as teenagers, is filing for Chapter 11 bank…",0.7351,0.212,0.788,0.0,71
471,@nytimes,Mon Mar 19 18:40:22 +0000 2018,Does New York want another celebrity in public office? The actress Cynthia Nixon hopes so: She just entered the rac… https://t.co/tmzrIs6quF,0.4767,0.177,0.823,0.0,72
472,@nytimes,Mon Mar 19 18:40:04 +0000 2018,"RT @julieturkewitz: For much of our country's history, native people weren't permitted to vote. Now there are a historic number of indigeno…",0.0772,0.061,0.939,0.0,73
473,@nytimes,Mon Mar 19 18:30:04 +0000 2018,"4 bombings this month in Austin, including one on Sunday night, have killed 2 people and injured 4. Here's what we… https://t.co/bqa42mRTn7",-0.802,0.0,0.714,0.286,74
474,@nytimes,Mon Mar 19 18:21:43 +0000 2018,Another reader reacts to the news that a woman died after being hit by a self-driving Uber car… https://t.co/z1uax6tzgG,-0.5574,0.0,0.816,0.184,75
475,@nytimes,Mon Mar 19 18:20:05 +0000 2018,A New York Times reader reacts to the news that a woman died after being hit by a self-driving Uber car… https://t.co/1Tm0f1qpdM,-0.5574,0.0,0.833,0.167,76
476,@nytimes,Mon Mar 19 18:10:09 +0000 2018,You'll probably need to do a little shopping to make this traditional dish. But it's well worth it. https://t.co/8sjpx5xcn7,0.4588,0.2,0.8,0.0,77
477,@nytimes,Mon Mar 19 18:00:11 +0000 2018,"RT @NYTSports: Tyronn Lue: “I have had chest pains and other troubling symptoms."" He's stepping away from the Cavs with just 13 games left…",-0.743,0.0,0.777,0.223,78
478,@nytimes,Mon Mar 19 17:50:06 +0000 2018,"Andrew McCabe, the former FBI deputy director, was fired late Friday night — on the eve of his retirement. Here’s w… https://t.co/WgdgoA0WtP",-0.5574,0.0,0.847,0.153,79
479,@nytimes,Mon Mar 19 17:40:10 +0000 2018,Stuffed ham is one of America’s most regionally specific dishes. People in Southern Maryland cherish it. https://t.co/g2tDQy5xWK,0.3818,0.14,0.86,0.0,80
480,@nytimes,Mon Mar 19 17:35:00 +0000 2018,One NYT reader embraces the practice of flirting for tips https://t.co/bzmsCpF0sp https://t.co/35aiorjdej,0.2023,0.141,0.859,0.0,81
481,@nytimes,Mon Mar 19 17:30:06 +0000 2018,"RT @jasondhorowitz: Luigi Di Maio, 31, and Italy's potential next leader, was living at home “until five years ago,” his mother tells me. M…",0.0,0.0,1.0,0.0,82
482,@nytimes,Mon Mar 19 17:17:10 +0000 2018,President Trump is planning to hire a lawyer who’s pushed theories on Fox News that Trump was framed by the FBI and… https://t.co/W8oVqa5D2I,0.0,0.0,1.0,0.0,83
483,@nytimes,Mon Mar 19 17:05:07 +0000 2018,"The change of a single word in the new tax law means the MLB, NBA and other sports franchises could now face capita… https://t.co/NBcgIvPN2X",0.0,0.0,1.0,0.0,84
484,@nytimes,Mon Mar 19 16:55:21 +0000 2018,"Breaking News: A woman died after being hit by a self-driving Uber car in Tempe, Arizona. It’s the first known pede… https://t.co/KqD9AUqOm5",-0.5574,0.0,0.841,0.159,85
485,@nytimes,Mon Mar 19 16:50:05 +0000 2018,"RT @nytopinion: I am a junior in high school, and I regularly shoot guns, for target practice and hunting, writes Dakota Hanchett https://t…",-0.34,0.0,0.888,0.112,86
486,@nytimes,Mon Mar 19 16:40:07 +0000 2018,Britain will have a transition period after the country withdraws from the EU — as long as a deal can be struck to… https://t.co/j3M7RRrd5d,-0.25,0.0,0.909,0.091,87
487,@nytimes,Mon Mar 19 16:30:10 +0000 2018,What we know about the Austin bombings https://t.co/EfHgpraY8B,0.0,0.0,1.0,0.0,88
488,@nytimes,Mon Mar 19 16:20:09 +0000 2018,"The Austin police chief sent an unusual public message to the unknown bomber or bombers on Sunday: ""We assure you t… https://t.co/BYmbbRdr6n",0.34,0.103,0.897,0.0,89
489,@nytimes,Mon Mar 19 16:10:08 +0000 2018,"RT @NYTMetro: Prewar walk-up, airy loft, garden flat or sky-high glass-and-steel cube — we took a look at the history of the New York City…",0.0,0.0,1.0,0.0,90
490,@nytimes,Mon Mar 19 16:00:19 +0000 2018,"After we published an article examining how servers endure harassing behavior for tips, readers wrote in with their… https://t.co/2zaaCSwtzd",-0.5423,0.0,0.837,0.163,91
491,@nytimes,Mon Mar 19 15:50:08 +0000 2018,"In her early 20s, Mary Ewing Outerbridge brought tennis to the U.S. in the 1870s, establishing what may have been A… https://t.co/vqkNjr5uhs",0.0,0.0,1.0,0.0,92
492,@nytimes,Mon Mar 19 15:39:25 +0000 2018,"Michael Ferro stepped down as the chairman of Tronc, just weeks after he helped negotiate the sale of The Los Angel… https://t.co/2ctT8mAELY",0.0,0.0,1.0,0.0,93
493,@nytimes,Mon Mar 19 15:30:02 +0000 2018,YouTube announced it would enlist Wikipedia’s help to deal with the proliferation of conspiracy theories and misinf… https://t.co/BRgKu7qgmR,-0.1779,0.122,0.724,0.154,94
494,@nytimes,Mon Mar 19 15:20:05 +0000 2018,RT @nhannahjones: An absolutely devastating new study about race and black males. Sons of wealthy black parents no better off than sons of…,-0.3384,0.173,0.609,0.218,95
495,@nytimes,Mon Mar 19 15:10:06 +0000 2018,There’s never been a Native American congresswoman. That could change in 2018. https://t.co/sWz8dv2SQ5,0.0,0.0,1.0,0.0,96
496,@nytimes,Mon Mar 19 15:00:15 +0000 2018,"RT @NYTNational: “Rules don’t matter for them. For them, this is a war, and it’s all fair,"" said a founder of Cambridge Analytica, a firm t…",-0.5859,0.042,0.808,0.15,97
497,@nytimes,Mon Mar 19 14:52:32 +0000 2018,“Our community never should have been developed. It’s hundreds and hundreds of houses. Now we are proof that we nee… https://t.co/jlC1TJJ7JE,0.0,0.0,1.0,0.0,98
498,@nytimes,Mon Mar 19 14:51:34 +0000 2018,"After Hurricane Harvey, thousands of homes in a Houston suburb were deliberately flooded by the federal government.… https://t.co/x3cwgQEQkr",0.0,0.0,1.0,0.0,99
499,@nytimes,Mon Mar 19 14:45:09 +0000 2018,"In Opinion 

Op-Ed columnist @CharlesMBlow writes: ""How are international agreements supposed to be negotiated when… https://t.co/iS7FGbJfIZ",0.2732,0.123,0.877,0.0,100
